Description,ReleaseVersion,OperationStatus,EventTimestamp,LogicalLink,DiagnosticAddress,DiagNodeStatus,DTC_Integer,DisplayTroubleCode,DTC_TextTI,DTC_Text,DTC_Level,DtcStatusByte,MaskReason,AfterSalesText,SnapshotCount,EnvDyn_ActivSMError,EnvDyn_AirCondiComprEnabeStatu,EnvDyn_AirCondiComprMotorCurre,EnvDyn_AirCondiComprOperaStatu,EnvDyn_AirCondiComprRespoErrorFlag,EnvDyn_AirCondiComprSpeedActua,EnvDyn_AirCondiComprSpeedNomin,EnvDyn_AirCondiComprTempeOfInver,EnvDyn_AmbieAirTempeDetai,EnvDyn_AusseCAN,EnvDyn_BaromPress,EnvDyn_BoostSignaRawBusValue,EnvDyn_BrighPhotoBus,EnvDyn_BrighRLSInterHUD,EnvDyn_CalcuLoadValue,EnvDyn_CentrAgingCount,EnvDyn_ColumNumbe,EnvDyn_ConfiFaultBAPLogicIdentID,EnvDyn_ContrModulTempe,EnvDyn_CustoIllumHUD,EnvDyn_CustoIllumKL58S,EnvDyn_DFCCThatCauseRequiFreezFrameDataStora,EnvDyn_DynamEnvirData,EnvDyn_ESPQBitVSigna,EnvDyn_EgoMaInputDataStatu,EnvDyn_EnginOpera,EnvDyn_EnginRunniTime,EnvDyn_EnginSpeed,EnvDyn_EnginTempe,EnvDyn_EtherCRCErrorCount,EnvDyn_EtherLinkLostCount,EnvDyn_EventID,EnvDyn_Flag,EnvDyn_FlashCount,EnvDyn_FuSiCurveMaxX1,EnvDyn_FuSiCurveMaxX2,EnvDyn_FuSiCurveMaxX3,EnvDyn_FuSiCurveMaxX4,EnvDyn_FuSiCurveMaxX5,EnvDyn_FuSiCurveMaxX6,EnvDyn_FuSiCurveMaxX7,EnvDyn_FuSiCurveMaxY1,EnvDyn_FuSiCurveMaxY2,EnvDyn_FuSiCurveMaxY3,EnvDyn_FuSiCurveMaxY4,EnvDyn_FuSiCurveMaxY5,EnvDyn_FuSiCurveMaxY6,EnvDyn_FuSiCurveMaxY7,EnvDyn_FusiThresPWM,EnvDyn_GatewCompoList,EnvDyn_GatewCompoListPrese,EnvDyn_Gener,EnvDyn_HUDActiv,EnvDyn_HUDMMIIllum,EnvDyn_HVEnabl,EnvDyn_Hdcp2Indic,EnvDyn_HdcpVideoEncryCdd,EnvDyn_HdcpVideoEncryCid,EnvDyn_HelliFW,EnvDyn_HelliIR,EnvDyn_HighVoltaPowerSuppl,EnvDyn_HvlmChargPlugConneStatuSockeA,EnvDyn_HvlmChargPlugConneStatuSockeB,EnvDyn_HvlmChargSockeLocatA,EnvDyn_HvlmChargSockeLocatB,EnvDyn_HvlmTypeOfPlugCouplSockeA,EnvDyn_HvlmTypeOfPlugCouplSockeB,EnvDyn_InletAirTempe,EnvDyn_KmMilea,EnvDyn_LFMVBBUSINTCDIAG,EnvDyn_LFMVBPDUINTCDIAG1,EnvDyn_LFMVBPDUINTCDIAG10,EnvDyn_LFMVBPDUINTCDIAG11,EnvDyn_LFMVBPDUINTCDIAG12,EnvDyn_LFMVBPDUINTCDIAG15,EnvDyn_LFMVBPDUINTCDIAG18,EnvDyn_LFMVBPDUINTCDIAG19,EnvDyn_LFMVBPDUINTCDIAG25,EnvDyn_LFMVBPDUINTCDIAG26,EnvDyn_LFMVBPDUINTCDIAG27,EnvDyn_LFMVBPDUINTCDIAG4,EnvDyn_LFMVBPDUINTCDIAG5,EnvDyn_LFMVBPDUINTCDIAG8,EnvDyn_LengtFirstGener,EnvDyn_LightSwitcPosit,EnvDyn_LongiAccelVehicRefer,EnvDyn_Lumin,EnvDyn_LuminField,EnvDyn_MonitDebugInfor,EnvDyn_NumbeOfColum,EnvDyn_NumbeOfROI,EnvDyn_NumbeOfRow,EnvDyn_OPSComfo,EnvDyn_OPSDrive,EnvDyn_OdomeReadi,EnvDyn_OperaStateBcm,EnvDyn_OutpuLimitPWM,EnvDyn_OutpuPWMActua,EnvDyn_OutpuPWMCalc,EnvDyn_PThres,EnvDyn_PWMLimitFlag,EnvDyn_PowerConsuOfAirCondiComprActua,EnvDyn_PropuSysteActiv,EnvDyn_RGBMAXLumin,EnvDyn_RGBMINLumin,EnvDyn_RGBMaxB,EnvDyn_RGBMaxG,EnvDyn_RGBMaxR,EnvDyn_RGBMinB,EnvDyn_RGBMinG,EnvDyn_RGBMinR,EnvDyn_ROILarge,EnvDyn_ROILumin,EnvDyn_ROIThresROI,EnvDyn_Reser,EnvDyn_Reser2,EnvDyn_RowsNumbe,EnvDyn_SESCVSignaQualiHighLow,EnvDyn_SafeSTempQual,EnvDyn_SafeStateTempo,EnvDyn_SateSTempMin,EnvDyn_SignaTermi15,EnvDyn_SignaTermi50,EnvDyn_SrmId,EnvDyn_StatuACCSyste,EnvDyn_StatuBremsCAN,EnvDyn_StatuBremsHW,EnvDyn_StatuOfSafet,EnvDyn_TSafesMin,EnvDyn_TSafesQual,EnvDyn_Tempe16Signe10,EnvDyn_Termi15On,EnvDyn_ThresForFullArea,EnvDyn_ThresForPartiArea,EnvDyn_TimeI,EnvDyn_TimeIndic,EnvDyn_TimeStamp,EnvDyn_Torqu16Signe10,EnvDyn_TotalLengt,EnvDyn_TreshL,EnvDyn_TreshP,EnvDyn_UnknoEnvirData,EnvDyn_VehicSpeed,EnvDyn_VehicSpeedSenso,EnvDyn_VelocVehicRefer,EnvDyn_Versi,EnvDyn_Volta,EnvDyn_VoltaECU,EnvDyn_VoltaMeasu,EnvDyn_VoltaPoten,EnvDyn_VoltaTermi30,EnvDyn_Volta_2,EnvDyn_VorfeRLS,EnvDyn_WorstL,EnvDyn_unknown_environment_data,EnvStd_DTCPrior,EnvStd_OccurCount
"dm4e_ver:1.10.0, vehicle_sw_ver:ID.SW6.0, pdx_ver:VWE41_2026-02-05_0_116_dr",4.0.1,Completed,2026-08-24T21:00:59.460Z,LL_AdaptCruisContrUDS,0013,Success,386,U112200,U112200,FAULT_ORUG01_01_BZ,3,40,,TBD,6,,,,,,,,,30.0,,,,,,,40,,,59,,,,,,,,,,,,,438,,,,,,,,,,,,,,,,,,,,,,,,,,,,,,,,,,,,,17,,,,,,,,,,,,,,,,,0.0,,,0000000000000000,,,,,,17,,,,,,,,,,,,,,,,,,,,,,,,,,,,,,ACC_Off_MainSwitch_Off,,,,,,,,,,,00,2026-07-13T15:56:32,,,,,,,,0.0,,,13.6,,,,,,,,3,153
"dm4e_ver:1.10.0, vehicle_sw_ver:ID.SW6.0, pdx_ver:VWE41_2026-02-05_0_116_dr",4.0.1,Completed,2026-08-24T21:00:59.460Z,LL_AdaptCruisContrUDS,0013,Success,467,U112300,U112300,FAULT_VZE_RELEVANT_TRAFFICLIGHT_ERROR,4,40,,TBD,4,,,,,,,,,33.0,,,,,,,40,,,67,,,,,,,,,,,,,587,,,,,,,,,,,,,,,,,,,,,,,,,,,,,,,,,,,,,3760,,,,,,,,,,,,,,,,,0.0,,,0000000000000000,,,,,,3760,,,,,,,,,,,,,,,,,,,,,,,,,,,,,,ACC_StandBy,,,,,,,,,,,00,2026-08-03T15:16:54,,,,,,,,0.0,,,14.0,,,,,,,,4,3
"dm4e_ver:1.10.0, vehicle_sw_ver:ID.SW6.0, pdx_ver:VWE41_2026-02-05_0_116_dr",4.0.1,Completed,2026-08-24T21:00:59.460Z,LL_AdaptCruisContrUDS,0013,Success,790,U112200,U112200,FAULT_RB_PER_HV_SERVICE_OOS,6,40,,TBD,2,,,,,,,,,20.0,,,,,,,20,,,41,,,,,,,,,,,,,484,,,,,,,,,,,,,,,,,,,,,,,,,,,,,,,,,,,,,5632,,,,,,,,,,,,,,,,,1.7,,,0000000000000000,,,,,,5632,,,,,,,,,,,,,,,,,,,,,,,,,,,,,,ACC_StandBy,,,,,,,,,,,00,2026-08-15T06:52:17,,,,,,,,0.12,,,14.0,,,,,,,,6,1
"dm4e_ver:1.10.0, vehicle_sw_ver:ID.SW6.0, pdx_ver:VWE41_2026-02-05_0_116_dr",4.0.1,Completed,2026-08-24T21:00:59.460Z,LL_AdaptCruisContrUDS,0013,Success,1127,U112100,U112100,FAULT_TIMEOUT_PSD_04,5,40,,TBD,6,,,,,,,,,25.0,,,,,,,40,,,37,,,,,,,,,,,,,295,,,,,,,,,,,,,,,,,,,,,,,,,,,,,,,,,,,,,2081,,,,,,,,,,,,,,,,,0.0,,,0000000000000000,,,,,,2081,,,,,,,,,,,,,,,,,,,,,,,,,,,,,,ACC_StandBy,,,,,,,,,,,00,2026-07-25T18:51:13,,,,,,,,0.0,,,14.2,,,,,,,,5,8
"dm4e_ver:1.10.0, vehicle_sw_ver:ID.SW6.0, pdx_ver:VWE41_2026-02-05_0_116_dr",4.0.1,Completed,2026-08-24T21:00:59.460Z,LL_AdaptCruisContrUDS,0013,Success,1195,U112200,U112200,FAULT_GRA_ACC_01_CRC,3,40,,TBD,6,,,,,,,,,30.0,,,,,,,38,,,59,,,,,,,,,,,,,178,,,,,,,,,,,,,,,,,,,,,,,,,,,,,,,,,,,,,17,,,,,,,,,,,,,,,,,0.0,,,0000000000000000,,,,,,17,,,,,,,,,,,,,,,,,,,,,,,,,,,,,,ACC_Off_MainSwitch_Off,,,,,,,,,,,00,2026-07-13T15:56:36,,,,,,,,0.0,,,13.6,,,,,,,,3,10
"dm4e_ver:1.10.0, vehicle_sw_ver:ID.SW6.0, pdx_ver:VWE41_2026-02-05_0_116_dr",4.0.1,Completed,2026-08-24T21:00:59.460Z,LL_AdaptCruisContrUDS,0013,Success,1218,U112100,U112100,FAULT_TIMEOUT_PSD_05,5,40,,TBD,6,,,,,,,,,25.0,,,,,,,40,,,37,,,,,,,,,,,,,296,,,,,,,,,,,,,,,,,,,,,,,,,,,,,,,,,,,,,2081,,,,,,,,,,,,,,,,,0.0,,,0000000000000000,,,,,,2081,,,,,,,,,,,,,,,,,,,,,,,,,,,,,,ACC_StandBy,,,,,,,,,,,00,2026-07-25T18:51:13,,,,,,,,0.0,,,14.2,,,,,,,,5,8
"dm4e_ver:1.10.0, vehicle_sw_ver:ID.SW6.0, pdx_ver:VWE41_2026-02-05_0_116_dr",4.0.1,Completed,2026-08-24T21:00:59.460Z,LL_AdaptCruisContrUDS,0013,Success,1219,U112100,U112100,FAULT_TIMEOUT_PSD_06,5,40,,TBD,6,,,,,,,,,25.0,,,,,,,40,,,37,,,,,,,,,,,,,297,,,,,,,,,,,,,,,,,,,,,,,,,,,,,,,,,,,,,2081,,,,,,,,,,,,,,,,,0.0,,,0000000000000000,,,,,,2081,,,,,,,,,,,,,,,,,,,,,,,,,,,,,,ACC_StandBy,,,,,,,,,,,00,2026-07-25T18:51:13,,,,,,,,0.0,,,14.1,,,,,,,,5,8
"dm4e_ver:1.10.0, vehicle_sw_ver:ID.SW6.0, pdx_ver:VWE41_2026-02-05_0_116_dr",4.0.1,Completed,2026-08-24T21:00:59.460Z,LL_AdaptCruisContrUDS,0013,Success,1230,U112100,U112100,FAULT_TIMEOUT_MAINUNIT_01,5,40,,TBD,2,,,,,,,,,25.0,,,,,,,40,,,46,,,,,,,,,,,,,281,,,,,,,,,,,,,,,,,,,,,,,,,,,,,,,,,,,,,7053,,,,,,,,,,,,,,,,,0.0,,,0000000000000000,,,,,,7053,,,,,,,,,,,,,,,,,,,,,,,,,,,,,,ACC_StandBy,,,,,,,,,,,00,2026-08-23T14:30:17,,,,,,,,0.0,,,13.6,,,,,,,,5,1
"dm4e_ver:1.10.0, vehicle_sw_ver:ID.SW6.0, pdx_ver:VWE41_2026-02-05_0_116_dr",4.0.1,Completed,2026-08-24T21:00:59.460Z,LL_AdaptCruisContrUDS,0013,Success,1841,U112200,U112200,FAULT_RB_NR_FR_BLINDNESS,6,40,,TBD,3,,,,,,,,,24.0,,,,,,,28,,,54,,,,,,,,,,,,,529,,,,,,,,,,,,,,,,,,,,,,,,,,,,,,,,,,,,,6340,,,,,,,,,,,,,,,,,-0.11,,,0000000000000000,,,,,,6340,,,,,,,,,,,,,,,,,,,,,,,,,,,,,,ACC_StandBy,,,,,,,,,,,00,2026-08-18T15:49:04,,,,,,,,39.04,,,14.3,,,,,,,,6,2
"dm4e_ver:1.10.0, vehicle_sw_ver:ID.SW6.0, pdx_ver:VWE41_2026-02-05_0_116_dr",4.0.1,Completed,2026-08-24T21:00:59.460Z,LL_AdaptCruisContrUDS,0013,Success,204812,U112100,U112100,FAULT_TIMEOUT_EINHEITEN_01,5,40,,TBD,2,,,,,,,,,25.0,,,,,,,40,,,46,,,,,,,,,,,,,265,,,,,,,,,,,,,,,,,,,,,,,,,,,,,,,,,,,,,7053,,,,,,,,,,,,,,,,,0.0,,,0000000000000000,,,,,,7053,,,,,,,,,,,,,,,,,,,,,,,,,,,,,,ACC_StandBy,,,,,,,,,,,00,2026-08-23T14:30:20,,,,,,,,0.0,,,13.6,,,,,,,,5,1
"dm4e_ver:1.10.0, vehicle_sw_ver:ID.SW6.0, pdx_ver:VWE41_2026-02-05_0_116_dr",4.0.1,Completed,2026-08-24T21:00:59.460Z,LL_AdaptCruisContrUDS,0013,Success,204815,U112100,U112100,FAULT_TIMEOUT_FAS_ANZEIGEN_01,5,40,,TBD,2,,,,,,,,,25.0,,,,,,,40,,,47,,,,,,,,,,,,,270,,,,,,,,,,,,,,,,,,,,,,,,,,,,,,,,,,,,,7053,,,,,,,,,,,,,,,,,0.0,,,0000000000000000,,,,,,7053,,,,,,,,,,,,,,,,,,,,,,,,,,,,,,ACC_reversible_error,,,,,,,,,,,00,2026-08-23T14:30:20,,,,,,,,0.0,,,13.6,,,,,,,,5,1
"dm4e_ver:1.10.0, vehicle_sw_ver:ID.SW6.0, pdx_ver:VWE41_2026-02-05_0_116_dr",4.0.1,Completed,2026-08-24T21:00:59.460Z,LL_AirCondiUDS,0008,Success,880391,TXEP0D6F07,TXEP0D6F07,A/C Compressor Motor Mechanical Failure,6,32,,TBD,1,,transmitted,0.0,Stop_self_protection_shutdown,not active,0,810,70.0,,,,,,,,17,,,,,,,,,,,255.0,,,,,,,,,,,,,,,,,,,,,,,,,,,,transmitted,,,,,,364,,,,,,,,5448,,,,,,,,,,,,,,,,,,,,,,,,,,,,,,,,,0,,,,,,,,,,,,,,,,,,,,,,,,,,,,,32.5,255.0,,,,,2026-08-13T18:04:41,,,,,,,,,,13.7,,,,,,,,,6,1
"dm4e_ver:1.10.0, vehicle_sw_ver:ID.SW6.0, pdx_ver:VWE41_2026-02-05_0_116_dr",4.0.1,Completed,2026-08-24T21:00:59.460Z,LL_AirCondiUDS,0008,Success,2963617,TXEP2D38A1,TXEP2D38A1,Hybrid/EV Battery Pack Heater System Voltage,2,32,,TBD,1,,,,,,,,,,,,,,,,13,,,,,,,,,,,,,,,,,,,,,,,,,,,,,,,,,,,,,,,,,,,,,,,,,,,,,5056,,,,,,,,,,,,,,,,,,,,,,,,,,,,,,,,,,,,,,,,,,,,,,,,,,,,,,,,,,,,,,,,,,,,2026-08-10T13:30:41,,,,,,,,,,,,,,,,,,,2,1
"dm4e_ver:1.10.0, vehicle_sw_ver:ID.SW6.0, pdx_ver:VWE41_2026-02-05_0_116_dr",4.0.1,Completed,2026-08-24T21:00:59.460Z,LL_AirbaUDS,0015,Success,1075461,U112300,U112300,NWD: 0x0DB AWV_03 error value SDF_PSF_Objektstatus,6,32,,TBD,1,,,,,,,,,,,,,,,,,,,,,,,,,,,,,,,,,,,,,,,,,,,,,,,,,,,,,,,,,,,,,,,,,,,,,,,,,,,,,,,,,,,,,,,,,,,,,,,,,,,,,,,,,,,,,,,,,,,,,,,,,,,,,,,,,,,,,,,,,,,,,,,,,,,,,,,,,,,,,
"dm4e_ver:1.10.0, vehicle_sw_ver:ID.SW6.0, pdx_ver:VWE41_2026-02-05_0_116_dr",4.0.1,Completed,2026-08-24T21:00:59.460Z,LL_AirbaUDS,0015,Success,1075462,U112300,U112300,NWD: 0x0DB AWV_03 error value SDF_PSF_CW,6,32,,TBD,1,,,,,,,,,,,,,,,,,,,,,,,,,,,,,,,,,,,,,,,,,,,,,,,,,,,,,,,,,,,,,,,,,,,,,,,,,,,,,,,,,,,,,,,,,,,,,,,,,,,,,,,,,,,,,,,,,,,,,,,,,,,,,,,,,,,,,,,,,,,,,,,,,,,,,,,,,,,,,
"dm4e_ver:1.10.0, vehicle_sw_ver:ID.SW6.0, pdx_ver:VWE41_2026-02-05_0_116_dr",4.0.1,Completed,2026-08-24T21:00:59.460Z,LL_AirbaUDS,0015,Success,1075463,U112300,U112300,NWD: 0x0DB AWV_03 error value SDF_PSF_Kollisionsueberdeckung,6,32,,TBD,1,,,,,,,,,,,,,,,,,,,,,,,,,,,,,,,,,,,,,,,,,,,,,,,,,,,,,,,,,,,,,,,,,,,,,,,,,,,,,,,,,,,,,,,,,,,,,,,,,,,,,,,,,,,,,,,,,,,,,,,,,,,,,,,,,,,,,,,,,,,,,,,,,,,,,,,,,,,,,
"dm4e_ver:1.10.0, vehicle_sw_ver:ID.SW6.0, pdx_ver:VWE41_2026-02-05_0_116_dr",4.0.1,Completed,2026-08-24T21:00:59.460Z,LL_AirbaUDS,0015,Success,1075465,U112300,U112300,NWD: 0x0DB AWV_03 error value SDF_PSF_v_rel,6,32,,TBD,1,,,,,,,,,,,,,,,,,,,,,,,,,,,,,,,,,,,,,,,,,,,,,,,,,,,,,,,,,,,,,,,,,,,,,,,,,,,,,,,,,,,,,,,,,,,,,,,,,,,,,,,,,,,,,,,,,,,,,,,,,,,,,,,,,,,,,,,,,,,,,,,,,,,,,,,,,,,,,
"dm4e_ver:1.10.0, vehicle_sw_ver:ID.SW6.0, pdx_ver:VWE41_2026-02-05_0_116_dr",4.0.1,Completed,2026-08-24T21:00:59.460Z,LL_AirbaUDS,0015,Success,9777408,B153100,B153100,PreCrash System limited function Implausible message,2,32,,TBD,1,,,,,,,,,,,,,,,,,,,,,,,,,,,,,,,,,,,,,,,,,,,,,,,,,,,,,,,,,,,,,,,,,,,,,,,,,,,,,,,,,,,,,,,,,,,,,,,,,,,,,,,,,,,,,,,,,,,,,,,,,,,,,,,,,,,,,,,,,,,,,,,,,,,,,,,,,,,,,
"dm4e_ver:1.10.0, vehicle_sw_ver:ID.SW6.0, pdx_ver:VWE41_2026-02-05_0_116_dr",4.0.1,Completed,2026-08-24T21:00:59.460Z,LL_AppliServe1Syste1AdaptUDS,8123,Success,8495361,P1CB500,P1CB500,Pnc_installation_vehicle_certificate_error_communication,6,104,,TBD,1,,,,,,,,,,,,,,,,36,,,,,,,,,,,,,,,,,,,,,,,,,,,,,,,,,,,,,,,,,,,,,,,,,,,,,16,,,,,,,,,,,,,,,,,,,,,,,,,,,,,,,,,,,,,,,,,,,,,,,,,,,,,,,,,,,,,,,,,,,00,2026-07-13T10:42:30,,,,,ffffffffffffffffffffffffffffffffffffffffff,,,,,,,,,,,,,,6,13
"dm4e_ver:1.10.0, vehicle_sw_ver:ID.SW6.0, pdx_ver:VWE41_2026-02-05_0_116_dr",4.0.1,Completed,2026-08-24T21:00:59.460Z,LL_AppliServe1Syste1AdaptUDS,8123,Success,8495362,P1CB600,P1CB600,Pnc_installation_vehicle_certificate_error_installation,6,109,,TBD,1,,,,,,,,,,,,,,,,40,,,,,,,,,,,,,,,,,,,,,,,,,,,,,,,,,,,,,,,,,,,,,,,,,,,,,18,,,,,,,,,,,,,,,,,,,,,,,,,,,,,,,,,,,,,,,,,,,,,,,,,,,,,,,,,,,,,,,,,,,00,2026-07-15T12:27:46,,,,,ffffffffffffffffffffffffffffffffffffffffffffffffffffff,,,,,,,,,,,,,,6,3
"dm4e_ver:1.10.0, vehicle_sw_ver:ID.SW6.0, pdx_ver:VWE41_2026-02-05_0_116_dr",4.0.1,Completed,2026-08-24T21:00:59.460Z,LL_AppliServe3Syste1InfotUDS,8125,Success,25,B14A429,B14A429,"Gyroscope, implausible signal",5,109,,TBD,1,,,,,,,,,,,,,,,,39,,,,,,,,,,,,,,,,,,,,,,,,,,,,,,,,,,,,,,,,,,,,,,,,,,,,,16777215,,,,,,,,,,,,,,,,,,,,,,,,,,,,,,,,,,,,,,,,,,,,,,,,,,,,,,,,,,,,,,,,,,,00,2063-12-31T00:00:00,,,,,,,,,,,,,,,,,,,5,1
"dm4e_ver:1.10.0, vehicle_sw_ver:ID.SW6.0, pdx_ver:VWE41_2026-02-05_0_116_dr",4.0.1,Completed,2026-08-24T21:00:59.460Z,LL_AppliServe3Syste1InfotUDS,8125,Success,7179,U111000,U111000,LSG VPS (0x0B) - function restriction due to communication error - BapErr_retry not successful,6,32,,TBD,1,,,,,,,,,,,,,,,,38,,2,,,,,,,,,,,,,,,,,,,,,,,,,,,,,,,,,,,,,,,,,,,,,,,,,,,5286,,,,,,,,,,,,,,,,,,,,,,,,,,,,,,,,,,,,,,,,,,,,,,,,,,,,,,,,,,,,,,,,,,,00,2026-08-11T18:06:15,,,,,,,,,,,,,,,,,,,6,1
"dm4e_ver:1.10.0, vehicle_sw_ver:ID.SW6.0, pdx_ver:VWE41_2026-02-05_0_116_dr",4.0.1,Completed,2026-08-24T21:00:59.460Z,LL_AppliServe3Syste1InfotUDS,8125,Success,8208,U303600,U303600,SOK_timeserver_not_available,3,32,,TBD,1,,,,,,,,,,,,,,,,39,,,,,,,,,,,,,,,,,,,,,,,,,,,,,,,,,,,,,,,,,,,,,,,,,,,,,16777215,,,,,,,,,,,,,,,,,,,,,,,,,,,,,,,,,,,,,,,,,,,,,,,,,,,,,,,,,,,,,,,,,,,00,2063-12-31T00:00:00,,,,,,,,,,,,,,,,,,,3,20
"dm4e_ver:1.10.0, vehicle_sw_ver:ID.SW6.0, pdx_ver:VWE41_2026-02-05_0_116_dr",4.0.1,Completed,2026-08-24T21:00:59.460Z,LL_AppliServe3Syste1InfotUDS,8125,Success,8209,U303500,U303500,SOK_signature_verification_failed,1,38,,TBD,1,,,,,,,,,,,,,,,,40,,,,,,,,,,,,,,,,,,,,,,,,,,,,,,,,,,,,,,,,,,,,,,,,,,,,,558,,,,,,,,,,,,,,,,,,,,,,,,,,,,,,,,,,,,,,,,,,,,,,,,,,,,,,,,,,,,,,,,,,,00,2026-07-16T17:23:51,,,,,,,,,,,,,,,,,,,1,13
"dm4e_ver:1.10.0, vehicle_sw_ver:ID.SW6.0, pdx_ver:VWE41_2026-02-05_0_116_dr",4.0.1,Completed,2026-08-24T21:00:59.460Z,LL_AppliServe3Syste1InfotUDS,8125,Success,1507335,B18C8F1,B18C8F1,Hdcp_authentication_error_video_gmsl_cid_certificate,6,32,,TBD,1,,,,,,,,,,,,,,,,38,,,,,,,,,,,,,,,,,,,,,,,,,,,,,,,,,,,,1,,,,0,No,No,,,,,,,,,,,5282,,,,,,,,,,,,,,,43,,,,,,,,,,,,,,,,,,,,,,,,,,,,,,,,,,,,,,,,8,,,,,,,,,,,,00,2026-08-11T14:42:00,,43,,,,,,,7,,,,,,,,,,6,1
"dm4e_ver:1.10.0, vehicle_sw_ver:ID.SW6.0, pdx_ver:VWE41_2026-02-05_0_116_dr",4.0.1,Completed,2026-08-24T21:00:59.460Z,LL_AppliServe3Syste1InfotUDS,8125,Success,2031620,U183A00,U183A00,Hud_data_not_valid,5,32,,TBD,1,,,,,,,,,,,,,,,,39,,,,,,,,,,,,,,,,,,,,,,,,,,,,,,,,,,,,,,,,,,,,,,,,,,,,,18,,,,,,,,,,,,,,,,,,,,,,,,,,,,,,,,,,,,,,,,,,,,,,,,,,,,,,,,,,,,,,,,,,,00,2026-07-14T06:11:22,,,,,,,,,,,,,,,,,,,5,20
"dm4e_ver:1.10.0, vehicle_sw_ver:ID.SW6.0, pdx_ver:VWE41_2026-02-05_0_116_dr",4.0.1,Completed,2026-08-24T21:00:59.460Z,LL_BatteChargContrModulUDS,00C6,Success,12627335,TXEU00AD87,TXEU00AD87,ORU_01_TimeOut,3,32,,TBD,0,,,,,,,,,,,,,,,,,,,,,,,,,,,,,,,,,,,,,,,,,,,,,,,,,,,,,,,,,,,,,,,,,,,,,,,,,,,,,,,,,,,,,,,,,,,,,,,,,,,,,,,,,,,,,,,,,,,,,,,,,,,,,,,,,,,,,,,,,,,,,,,,,,,,,,,,,,,,,
"dm4e_ver:1.10.0, vehicle_sw_ver:ID.SW6.0, pdx_ver:VWE41_2026-02-05_0_116_dr",4.0.1,Completed,2026-08-24T21:00:59.460Z,LL_BatteEnergContrModulUDS,008C,Success,2620551,P27FC87,P27FC87,Diag_C_EVCAN_Gateway_CE1,2,32,,TBD,0,,,,,,,,,,,,,,,,,,,,,,,,,,,,,,,,,,,,,,,,,,,,,,,,,,,,,,,,,,,,,,,,,,,,,,,,,,,,,,,,,,,,,,,,,,,,,,,,,,,,,,,,,,,,,,,,,,,,,,,,,,,,,,,,,,,,,,,,,,,,,,,,,,,,,,,,,,,,,
"dm4e_ver:1.10.0, vehicle_sw_ver:ID.SW6.0, pdx_ver:VWE41_2026-02-05_0_116_dr",4.0.1,Completed,2026-08-24T21:00:59.460Z,LL_Brake1UDS,0003,Success,13130119,TXEU085987,TXEU085987,MSG_PARKEN_TIMEOUT,2,32,,TBD,2,,,,,,,,,,,,,,,,5,,,,,,,,,,,,,,,,,,,,,,,,,,,,,,,,,,,,,,,,,,,,,,,,,,,,,5209,,,,,,,,,,,,,,,,,,,,,,,,,,,,,,,,,,,,,,,,,,,,,,,,,,,,,,,,,,,,,,,,,,,00,2026-08-11T11:35:15,,,,,191459901100002801000c0400000c000080010000001fb7031819005c03361e0020,,,,,,,,,,,,,,2,1
"dm4e_ver:1.10.0, vehicle_sw_ver:ID.SW6.0, pdx_ver:VWE41_2026-02-05_0_116_dr",4.0.1,Completed,2026-08-24T21:00:59.460Z,LL_Brake1UDS,0003,Success,2620551,P27FC87,P27FC87,MSG_ICAS1_TIMEOUT,2,40,,TBD,2,,,,,,,,,,,,,,,,40,,,,,,,,,,,,,,,,,,,,,,,,,,,,,,,,,,,,,,,,,,,,,,,,,,,,,7053,,,,,,,,,,,,,,,,,,,,,,,,,,,,,,,,,,,,,,,,,,,,,,,,,,,,,,,,,,,,,,,,,,,00,2026-08-23T14:30:19,,,,,001b8d891100003a01000c0400080c004080080000000001061819005c031b1e0020,,,,,,,,,,,,,,2,1
"dm4e_ver:1.10.0, vehicle_sw_ver:ID.SW6.0, pdx_ver:VWE41_2026-02-05_0_116_dr",4.0.1,Completed,2026-08-24T21:00:59.460Z,LL_Brake1UDS,0003,Success,5326338,C114602,C114602,RKA_DEM_MON_SIG_INTEGY,5,40,,TBD,2,,,,,,,,,,,,,,,,39,,,,,,,,,,,,,,,,,,,,,,,,,,,,,,,,,,,,,,,,,,,,,,,,,,,,,7053,,,,,,,,,,,,,,,,,,,,,,,,,,,,,,,,,,,,,,,,,,,,,,,,,,,,,,,,,,,,,,,,,,,00,2026-08-23T14:30:29,,,,,001b8d89110000ac01000c0400080c004081080000000002061819005c031b1e0020,,,,,,,,,,,,,,5,1
"dm4e_ver:1.10.0, vehicle_sw_ver:ID.SW6.0, pdx_ver:VWE41_2026-02-05_0_116_dr",4.0.1,Completed,2026-08-24T21:00:59.460Z,LL_CamerSysteRearViewUDS,006C,Success,13705616,U112100,U112100,message ORU_01 not received,6,32,,TBD,1,,,,,,,,,,,,,,,,,,,,,,,,,,,,,,,,,,,,,,,,,,,,,,,,,,,,,,,,,,,,,,,,,,,,,,,,,,,,,,,,,,,,,,,,,,,,,,,,,,,,,,,,,,,,,,,,,,,,,,,,,,,,,,,,,,,,,,,,,,,,,,,,,,,,,,,,,,,,,
"dm4e_ver:1.10.0, vehicle_sw_ver:ID.SW6.0, pdx_ver:VWE41_2026-02-05_0_116_dr",4.0.1,Completed,2026-08-24T21:00:59.460Z,LL_CamerSysteRearViewUDS,006C,Success,13705474,U112100,U112100,message PDU_TouchGesture_01 not received,6,32,,TBD,1,,,,,,,,,,,,,,,,40,,,,,,,,,,,,,,,,,,,,,,,,,,,,,,,,,,,,,,,,,,,,,,,,,,,,,7053,,,,,,,,,,,,,,,,,,,,,,,,,,,,,,,,,,,,,,,,,,,,,,,,,,,,,,,,,,,,,,,,,,0,,2026-08-23T14:30:17,,,,,,,,,,,,,,,,,,,6,1
"dm4e_ver:1.10.0, vehicle_sw_ver:ID.SW6.0, pdx_ver:VWE41_2026-02-05_0_116_dr",4.0.1,Completed,2026-08-24T21:00:59.460Z,LL_CamerSysteRearViewUDS,006C,Success,9598977,B127801,B127801,Video link to FV camera - Connection Error,4,32,,TBD,1,,,,,,,,,,,,,,,,17,,,,,,,,,,,,,,,,,,,,,,,,,,,,,,,,,,,,,,,,,,,,,,,,,,,,,6032,,,,,,,,,,,,,,,,,,,,,,,,,,,,,,,,,,,,,,,,,,,,,,,,,,,,,,,,,,,,,,,,,,0,,2026-08-17T07:59:08,,,,,,,,,,,,,,,,,,,4,1
"dm4e_ver:1.10.0, vehicle_sw_ver:ID.SW6.0, pdx_ver:VWE41_2026-02-05_0_116_dr",4.0.1,Completed,2026-08-24T21:00:59.460Z,LL_CamerSysteRearViewUDS,006C,Success,9599233,B127901,B127901,Video link to RV camera - Connection Error,4,32,,TBD,1,,,,,,,,,,,,,,,,17,,,,,,,,,,,,,,,,,,,,,,,,,,,,,,,,,,,,,,,,,,,,,,,,,,,,,6032,,,,,,,,,,,,,,,,,,,,,,,,,,,,,,,,,,,,,,,,,,,,,,,,,,,,,,,,,,,,,,,,,,0,,2026-08-17T07:59:03,,,,,,,,,,,,,,,,,,,4,1
"dm4e_ver:1.10.0, vehicle_sw_ver:ID.SW6.0, pdx_ver:VWE41_2026-02-05_0_116_dr",4.0.1,Completed,2026-08-24T21:00:59.460Z,LL_CamerSysteRearViewUDS,006C,Success,9599489,B127A01,B127A01,Video link to SV left camera - Connection Error,4,32,,TBD,1,,,,,,,,,,,,,,,,17,,,,,,,,,,,,,,,,,,,,,,,,,,,,,,,,,,,,,,,,,,,,,,,,,,,,,6032,,,,,,,,,,,,,,,,,,,,,,,,,,,,,,,,,,,,,,,,,,,,,,,,,,,,,,,,,,,,,,,,,,0,,2026-08-17T07:59:08,,,,,,,,,,,,,,,,,,,4,1
"dm4e_ver:1.10.0, vehicle_sw_ver:ID.SW6.0, pdx_ver:VWE41_2026-02-05_0_116_dr",4.0.1,Completed,2026-08-24T21:00:59.460Z,LL_CamerSysteRearViewUDS,006C,Success,9599745,B127B01,B127B01,Video link to SV right camera - Connection Error,4,32,,TBD,1,,,,,,,,,,,,,,,,17,,,,,,,,,,,,,,,,,,,,,,,,,,,,,,,,,,,,,,,,,,,,,,,,,,,,,6032,,,,,,,,,,,,,,,,,,,,,,,,,,,,,,,,,,,,,,,,,,,,,,,,,,,,,,,,,,,,,,,,,,0,,2026-08-17T07:59:08,,,,,,,,,,,,,,,,,,,4,1
"dm4e_ver:1.10.0, vehicle_sw_ver:ID.SW6.0, pdx_ver:VWE41_2026-02-05_0_116_dr",4.0.1,Completed,2026-08-24T21:00:59.460Z,LL_CamerSysteRearViewUDS,006C,Success,13824256,U1C7100,U1C7100,FV_camera_no_rtp_communication,6,32,,TBD,1,,,,,,,,,,,,,,,,17,,,,,,,,,,,,,,,,,,,,,,,,,,,,,,,,,,,,,,,,,,,,,,,,,,,,,6031,,,,,,,,,,,,,,,,,,,,,,,,,,,,,,,,,,,,,,,,,,,,,,,,,,,,,,,,,,,,,,,,,,0,,2026-08-17T07:58:56,,,,,,,,,,,,,,,,,,,6,2
"dm4e_ver:1.10.0, vehicle_sw_ver:ID.SW6.0, pdx_ver:VWE41_2026-02-05_0_116_dr",4.0.1,Completed,2026-08-24T21:00:59.460Z,LL_CamerSysteRearViewUDS,006C,Success,13824768,U1C7200,U1C7200,RV_camera_no_rtp_communication,6,32,,TBD,1,,,,,,,,,,,,,,,,17,,,,,,,,,,,,,,,,,,,,,,,,,,,,,,,,,,,,,,,,,,,,,,,,,,,,,6031,,,,,,,,,,,,,,,,,,,,,,,,,,,,,,,,,,,,,,,,,,,,,,,,,,,,,,,,,,,,,,,,,,0,,2026-08-17T07:58:56,,,,,,,,,,,,,,,,,,,6,2
"dm4e_ver:1.10.0, vehicle_sw_ver:ID.SW6.0, pdx_ver:VWE41_2026-02-05_0_116_dr",4.0.1,Completed,2026-08-24T21:00:59.460Z,LL_CamerSysteRearViewUDS,006C,Success,13825280,U1C7300,U1C7300,SV_left_camera_no_rtp_communication,6,32,,TBD,1,,,,,,,,,,,,,,,,17,,,,,,,,,,,,,,,,,,,,,,,,,,,,,,,,,,,,,,,,,,,,,,,,,,,,,6031,,,,,,,,,,,,,,,,,,,,,,,,,,,,,,,,,,,,,,,,,,,,,,,,,,,,,,,,,,,,,,,,,,0,,2026-08-17T07:58:56,,,,,,,,,,,,,,,,,,,6,2
"dm4e_ver:1.10.0, vehicle_sw_ver:ID.SW6.0, pdx_ver:VWE41_2026-02-05_0_116_dr",4.0.1,Completed,2026-08-24T21:00:59.460Z,LL_CamerSysteRearViewUDS,006C,Success,13825792,U1C7400,U1C7400,SV_right_camera_no_rtp_communication,6,32,,TBD,1,,,,,,,,,,,,,,,,17,,,,,,,,,,,,,,,,,,,,,,,,,,,,,,,,,,,,,,,,,,,,,,,,,,,,,6031,,,,,,,,,,,,,,,,,,,,,,,,,,,,,,,,,,,,,,,,,,,,,,,,,,,,,,,,,,,,,,,,,,0,,2026-08-17T07:58:56,,,,,,,,,,,,,,,,,,,6,2
"dm4e_ver:1.10.0, vehicle_sw_ver:ID.SW6.0, pdx_ver:VWE41_2026-02-05_0_116_dr",4.0.1,Completed,2026-08-24T21:00:59.460Z,LL_CentrElectUDS,0009,Success,15401216,U14FE00,U14FE00,Sichere on-board Kommunikation: Signaturüberprüfung fehlgeschlagen,1,104,,TBD,0,,,,,,,,,,46.5,,,,,,40,,,,,,,,,,,,,,,,,,,,,,,,,,,,,,,,,,,,,,,,,,,,,,,,,,,,,17,,,,,,,,,,,,,,,,light_switch_position_Automatic,,,,,,,,,,,normal_mode,,,,,,,keine Fahrbereitschaft,,,,,,,,,,,,,,,,,,,On,Off,,,Off,Off,,,,,,,,,00,2026-07-13T15:49:13,,,,,,,,,,,,13.6,,,,,,,1,255
"dm4e_ver:1.10.0, vehicle_sw_ver:ID.SW6.0, pdx_ver:VWE41_2026-02-05_0_116_dr",4.0.1,Completed,2026-08-24T21:00:59.460Z,LL_CentrElectUDS,0009,Success,1074823,U112100,U112100,Rear_View Datenbus fehlende Botschaft,6,40,,TBD,0,,,,,,,,,,70.5,,,,,,14,,,,,,,,,,,,,,,,,,,,,,,,,,,,,,,,,,,,,,,,,,,,,,,,,,,,,5286,,,,,,,,,,,,,,,,light_switch_position_Automatic,,,,,,,,,,,normal_mode,,,,,,,keine Fahrbereitschaft,,,,,,,,,,,,,,,,,,,On,Off,,,On,On,,,,,,,,,00,2026-08-11T18:06:18,,,,,,,,,,,,13.6,,,,,,,6,3
"dm4e_ver:1.10.0, vehicle_sw_ver:ID.SW6.0, pdx_ver:VWE41_2026-02-05_0_116_dr",4.0.1,Completed,2026-08-24T21:00:59.460Z,LL_Charg1MobilDevicUDS,00DE,Success,7065,U112100,U112100,"Information electronic 1, no communication",6,40,,TBD,1,,,,,,,,,,,,,,,,40,,,,,,,,,,,,,,,,,,,,,,,,,,,,,,,,,,,,,,,,,,,,,,,,,,,,,7053,,,,,,,,,,,,,,,,,,,,,,,,,,,,,,,,,,,,,,,,,,,,,,,,,,,,,,,,,,,,,,,,,,,00,2026-08-23T14:30:17,,,,,,,,,,,,,,,,,,,6,1
"dm4e_ver:1.10.0, vehicle_sw_ver:ID.SW6.0, pdx_ver:VWE41_2026-02-05_0_116_dr",4.0.1,Completed,2026-08-24T21:00:59.460Z,LL_CloseRangeRadar2UDS,810A,Success,12583001,C12BFF3,C12BFF3,Control_unit_Blindness_Error,4,40,,TBD,1,,,,,,,,,,,,,,,,22,,,,,,,,,,,,,,,,,,,,,,,,,,,,,,,,,,,,,,,,,,,,,,,,,,,,,6362,,,,,,,,,,,,,,,,,,,,,,,,,,,,,,,,,,,,,,,,,,,,,,,,,,,,,,,,,,,,,,,,,,,00,2026-08-18T16:08:15,,,,,08008b,,,,,,,,,,,,,,4,2
"dm4e_ver:1.10.0, vehicle_sw_ver:ID.SW6.0, pdx_ver:VWE41_2026-02-05_0_116_dr",4.0.1,Completed,2026-08-24T21:00:59.460Z,LL_CloseRangeRadar4UDS,810C,Success,14680246,U112100,U112100,databus_message_missing_MainUnit_01_FASCANFD2,6,40,,TBD,1,,,,,,,,,,,,,,,,39,,,,,,,,,,,,,,,,,,,,,,,,,,,,,,,,,,,,,,,,,,,,,,,,,,,,,7053,,,,,,,,,,,,,,,,,,,,,,,,,,,,,,,,,,,,,,,,,,,,,,,,,,,,,,,,,,,,,,,,,,,00,2026-08-23T14:31:01,,,,,,,,,,,,,,,,,,,6,2
"dm4e_ver:1.10.0, vehicle_sw_ver:ID.SW6.0, pdx_ver:VWE41_2026-02-05_0_116_dr",4.0.1,Completed,2026-08-24T21:00:59.460Z,LL_CloseRangeRadar4UDS,810C,Success,15859819,U112300,U112300,error_value_NR_FR_Blindness_FASCANFD2,6,40,,TBD,1,,,,,,,,,,,,,,,,25,,,,,,,,,,,,,,,,,,,,,,,,,,,,,,,,,,,,,,,,,,,,,,,,,,,,,6362,,,,,,,,,,,,,,,,,,,,,,,,,,,,,,,,,,,,,,,,,,,,,,,,,,,,,,,,,,,,,,,,,,,00,2026-08-18T16:08:15,,,,,,,,,,,,,,,,,,,6,2
"dm4e_ver:1.10.0, vehicle_sw_ver:ID.SW6.0, pdx_ver:VWE41_2026-02-05_0_116_dr",4.0.1,Completed,2026-08-24T21:00:59.460Z,LL_CloseRangeRadar4UDS,810C,Success,15859797,U112300,U112300,error_value_APSOPS_PaCo_MainState_FASCANFD2,6,40,,TBD,1,,,,,,,,,,,,,,,,39,,,,,,,,,,,,,,,,,,,,,,,,,,,,,,,,,,,,,,,,,,,,,,,,,,,,,7053,,,,,,,,,,,,,,,,,,,,,,,,,,,,,,,,,,,,,,,,,,,,,,,,,,,,,,,,,,,,,,,,,,,00,2026-08-23T14:31:02,,,,,,,,,,,,,,,,,,,6,2
"dm4e_ver:1.10.0, vehicle_sw_ver:ID.SW6.0, pdx_ver:VWE41_2026-02-05_0_116_dr",4.0.1,Completed,2026-08-24T21:00:59.460Z,LL_DashBoardDisplUnitUDS,007E,Success,9582602,B13B901,B13B901,LVDS cable defect,5,32,,TBD,1,,,,,,,,,,,,,,,,,,,,,,,,,,,,,,,,,,,,,,,,,,,,,,,,,,,,,,,,,,,,,,,,,,,,,,,,,,,,,,,,,,,,,,,,,,,,,,,,,,,,,,,,,,,,,,,,,,,,,,,,,,,,,,,,,,,,,,,,,,,,,,,,,,,,,,,,,,,,,
"dm4e_ver:1.10.0, vehicle_sw_ver:ID.SW6.0, pdx_ver:VWE41_2026-02-05_0_116_dr",4.0.1,Completed,2026-08-24T21:00:59.460Z,LL_DashBoardUDS,0017,Success,17561,U112100,U112100,FID_02 communication error ethernet_error_timeout,6,47,,TBD,1,,,,,,,,,,,,,,,,40,,,,,,,,,,,,,,,,,,,,,,,,,,,,,,,,,,,,,,,,,,,,,,,,,,,,,16,,,,,,,,,,,,,,,,,,,,,,,,,,,,,,,,,,,,,,,,,,,,,,,,,,,,,,,,,,,,,,,,,,,00,2026-07-13T11:37:01,,,,,,,,,,,,,,,,,,,6,47
"dm4e_ver:1.10.0, vehicle_sw_ver:ID.SW6.0, pdx_ver:VWE41_2026-02-05_0_116_dr",4.0.1,Completed,2026-08-24T21:00:59.460Z,LL_DashBoardUDS,0017,Success,1122816,U146700,U146700,ACC Service Timeout,6,32,,TBD,1,,,,,,,,,,,,,,,,36,,,,,,,,,,,,,,,,,,,,,,,,,,,,,,,,,,,,,,,,,,,,,,,,,,,,,16777215,,,,,,,,,,,,,,,,,,,,,,,,,,,,,,,,,,,,,,,,,,,,,,,,,,,,,,,,,,,,,,,,,,,00,2063-12-31T00:00:00,,,,,,,,,,,,,,,,,,,6,2
"dm4e_ver:1.10.0, vehicle_sw_ver:ID.SW6.0, pdx_ver:VWE41_2026-02-05_0_116_dr",4.0.1,Completed,2026-08-24T21:00:59.460Z,LL_DashBoardUDS,0017,Success,1122884,U146700,U146700,DrivingRange Service Timeout,6,32,,TBD,1,,,,,,,,,,,,,,,,36,,,,,,,,,,,,,,,,,,,,,,,,,,,,,,,,,,,,,,,,,,,,,,,,,,,,,16777215,,,,,,,,,,,,,,,,,,,,,,,,,,,,,,,,,,,,,,,,,,,,,,,,,,,,,,,,,,,,,,,,,,,00,2063-12-31T00:00:00,,,,,,,,,,,,,,,,,,,6,2
"dm4e_ver:1.10.0, vehicle_sw_ver:ID.SW6.0, pdx_ver:VWE41_2026-02-05_0_116_dr",4.0.1,Completed,2026-08-24T21:00:59.460Z,LL_DashBoardUDS,0017,Success,1122952,U146700,U146700,ChargingManagementCore Service Timeout,6,32,,TBD,1,,,,,,,,,,,,,,,,36,,,,,,,,,,,,,,,,,,,,,,,,,,,,,,,,,,,,,,,,,,,,,,,,,,,,,16777215,,,,,,,,,,,,,,,,,,,,,,,,,,,,,,,,,,,,,,,,,,,,,,,,,,,,,,,,,,,,,,,,,,,00,2063-12-31T00:00:00,,,,,,,,,,,,,,,,,,,6,2
"dm4e_ver:1.10.0, vehicle_sw_ver:ID.SW6.0, pdx_ver:VWE41_2026-02-05_0_116_dr",4.0.1,Completed,2026-08-24T21:00:59.460Z,LL_DashBoardUDS,0017,Success,1122969,U146700,U146700,ChargingManagementExtended Timeout,6,32,,TBD,1,,,,,,,,,,,,,,,,38,,,,,,,,,,,,,,,,,,,,,,,,,,,,,,,,,,,,,,,,,,,,,,,,,,,,,3700,,,,,,,,,,,,,,,,,,,,,,,,,,,,,,,,,,,,,,,,,,,,,,,,,,,,,,,,,,,,,,,,,,,00,2026-08-03T12:20:28,,,,,,,,,,,,,,,,,,,6,2
"dm4e_ver:1.10.0, vehicle_sw_ver:ID.SW6.0, pdx_ver:VWE41_2026-02-05_0_116_dr",4.0.1,Completed,2026-08-24T21:00:59.460Z,LL_DashBoardUDS,0017,Success,1127202,U146700,U146700,Immobilizer Service Timeout,6,32,,TBD,1,,,,,,,,,,,,,,,,39,,,,,,,,,,,,,,,,,,,,,,,,,,,,,,,,,,,,,,,,,,,,,,,,,,,,,6376,,,,,,,,,,,,,,,,,,,,,,,,,,,,,,,,,,,,,,,,,,,,,,,,,,,,,,,,,,,,,,,,,,,00,2026-08-19T07:52:13,,,,,,,,,,,,,,,,,,,6,2
"dm4e_ver:1.10.0, vehicle_sw_ver:ID.SW6.0, pdx_ver:VWE41_2026-02-05_0_116_dr",4.0.1,Completed,2026-08-24T21:00:59.460Z,LL_DashBoardUDS,0017,Success,1127253,U146700,U146700,ParkingBrake Service Timeout,6,32,,TBD,1,,,,,,,,,,,,,,,,36,,,,,,,,,,,,,,,,,,,,,,,,,,,,,,,,,,,,,,,,,,,,,,,,,,,,,16777215,,,,,,,,,,,,,,,,,,,,,,,,,,,,,,,,,,,,,,,,,,,,,,,,,,,,,,,,,,,,,,,,,,,00,2063-12-31T00:00:00,,,,,,,,,,,,,,,,,,,6,2
"dm4e_ver:1.10.0, vehicle_sw_ver:ID.SW6.0, pdx_ver:VWE41_2026-02-05_0_116_dr",4.0.1,Completed,2026-08-24T21:00:59.460Z,LL_DashBoardUDS,0017,Success,1131571,U146700,U146700,Driver Display Service Timeout,6,38,,TBD,1,,,,,,,,,,,,,,,,40,,,,,,,,,,,,,,,,,,,,,,,,,,,,,,,,,,,,,,,,,,,,,,,,,,,,,17,,,,,,,,,,,,,,,,,,,,,,,,,,,,,,,,,,,,,,,,,,,,,,,,,,,,,,,,,,,,,,,,,,,00,2026-07-14T05:49:20,,,,,,,,,,,,,,,,,,,6,87
"dm4e_ver:1.10.0, vehicle_sw_ver:ID.SW6.0, pdx_ver:VWE41_2026-02-05_0_116_dr",4.0.1,Completed,2026-08-24T21:00:59.460Z,LL_DoorElectDriveSideUDS,0042,Success,524330,U112100,U112100,Message Temperatures_01 missing,6,40,,TBD,1,,,,,,,,,,,,,,,,40,,,,,,,,,,,,,,,,,,,,,,,,,,,,,,,,,,,,,,,,,,,,,,,,,,,,,7053,,,,,,,,,,,,,,,,,,,,,,,,,,,,,,,,,,,,,,,,,,,,,,,,,,,,,,,,,,,,,,,,,,,00,2026-08-23T14:30:19,,,,,,,,,,,,,,,,,,,6,1
"dm4e_ver:1.10.0, vehicle_sw_ver:ID.SW6.0, pdx_ver:VWE41_2026-02-05_0_116_dr",4.0.1,Completed,2026-08-24T21:00:59.460Z,LL_DoorElectPasseSideUDS,0052,Success,524330,U112100,U112100,Message Temperatures_01 missing,6,40,,TBD,1,,,,,,,,,,,,,,,,40,,,,,,,,,,,,,,,,,,,,,,,,,,,,,,,,,,,,,,,,,,,,,,,,,,,,,7053,,,,,,,,,,,,,,,,,,,,,,,,,,,,,,,,,,,,,,,,,,,,,,,,,,,,,,,,,,,,,,,,,,,00,2026-08-23T14:30:19,,,,,,,,,,,,,,,,,,,6,1
"dm4e_ver:1.10.0, vehicle_sw_ver:ID.SW6.0, pdx_ver:VWE41_2026-02-05_0_116_dr",4.0.1,Completed,2026-08-24T21:00:59.460Z,LL_DoorElectRearDriveSideUDS,00BB,Success,524330,U112100,U112100,Message Temperatures_01 missing,6,40,,TBD,1,,,,,,,,,,,,,,,,40,,,,,,,,,,,,,,,,,,,,,,,,,,,,,,,,,,,,,,,,,,,,,,,,,,,,,7053,,,,,,,,,,,,,,,,,,,,,,,,,,,,,,,,,,,,,,,,,,,,,,,,,,,,,,,,,,,,,,,,,,,00,2026-08-23T14:30:19,,,,,,,,,,,,,,,,,,,6,1
"dm4e_ver:1.10.0, vehicle_sw_ver:ID.SW6.0, pdx_ver:VWE41_2026-02-05_0_116_dr",4.0.1,Completed,2026-08-24T21:00:59.460Z,LL_DoorElectRearPasseSideUDS,00BC,Success,524330,U112100,U112100,Message Temperatures_01 missing,6,40,,TBD,1,,,,,,,,,,,,,,,,40,,,,,,,,,,,,,,,,,,,,,,,,,,,,,,,,,,,,,,,,,,,,,,,,,,,,,7053,,,,,,,,,,,,,,,,,,,,,,,,,,,,,,,,,,,,,,,,,,,,,,,,,,,,,,,,,,,,,,,,,,,00,2026-08-23T14:30:19,,,,,,,,,,,,,,,,,,,6,1
"dm4e_ver:1.10.0, vehicle_sw_ver:ID.SW6.0, pdx_ver:VWE41_2026-02-05_0_116_dr",4.0.1,Completed,2026-08-24T21:00:59.460Z,LL_EnginContrModul1UDS,0001,Success,9461123,unknown,,unknown,-1,32,,TBD,1,,,,,,,,,,,2550,,,,100.0,40,,,,,,48462,c11d00bd4e13e3fbdb13e7001113e9000014f0d18013ec000014f2000013df0000,,,,,16383.75,215,,,,,,,,,,,,,,,,,,,,,,,,,,,,,,,,,,,,,,,215,506,0.0,,0.0,53632.0,,0.0,,0.0,,,,64475.0,,17.0,,,,,,,,,,,,,,,,,,,,,,,,,,,,,,,,,,,,,,,,,,,,,,,,,,,,,00,2026-07-15T20:35:42,,,,,,255,,,,,,,13.183,,,,,,2,7
"dm4e_ver:1.10.0, vehicle_sw_ver:ID.SW6.0, pdx_ver:VWE41_2026-02-05_0_116_dr",4.0.1,Completed,2026-08-24T21:00:59.460Z,LL_EnginContrModul1UDS,0001,Success,10224524,unknown,,unknown,-1,44,,TBD,1,,,,,,,,,,,2550,,,,100.0,40,,,,,,23079,c11d005a2713e0000113e4000014f0000014f1000113ef000014f2000013df0100,,,,,16383.75,215,,,,,,,,,,,,,,,,,,,,,,,,,,,,,,,,,,,,,,,215,2081,256.0,1.0,,0.0,1.0,,0.0,0.0,,,,,0.0,,,,,,,,,,,,,,,,,,,,,,,,,,,,,,,,,,,,,,,,,,,,,,,,,,,,,,00,2026-07-25T18:51:13,,,,,,0,,,,,,,14.277,,,,,,6,8
"dm4e_ver:1.10.0, vehicle_sw_ver:ID.SW6.0, pdx_ver:VWE41_2026-02-05_0_116_dr",4.0.1,Completed,2026-08-24T21:00:59.460Z,LL_EnginContrModul1UDS,0001,Success,13651596,unknown,,unknown,-1,32,,TBD,1,,,,,,,,,,,2550,,,,100.0,13,,,,,,23018,c11d0059ea13e3020013e4000014f7000014f8000014f9000013df0100,,,,,16383.75,215,,,,,,,,,,,,,,,,,,,,,,,,,,,,,,,,,,,,,,,215,5209,256.0,,,,,,,,0.0,0.0,0.0,512.0,0.0,,,,,,,,,,,,,,,,,,,,,,,,,,,,,,,,,,,,,,,,,,,,,,,,,,,,,,00,2026-08-11T11:35:15,,,,,,31,,,,,,,14.433,,,,,,6,1
"dm4e_ver:1.10.0, vehicle_sw_ver:ID.SW6.0, pdx_ver:VWE41_2026-02-05_0_116_dr",4.0.1,Completed,2026-08-24T21:00:59.460Z,LL_EnginContrModul1UDS,0001,Success,10407528,unknown,,unknown,-1,32,,TBD,1,,,,,,,,,,,2550,,,,100.0,17,,,,,,49030,c11d00bf86438036961074011e11b101260900be210e000544bd003def0b54,,,,,16383.75,215,,,,,,,,,,,,,,,,,,,,,,,,,,,,,,,,,,,,,,,215,5632,,,,,,,,,,,,,,,,,,,,,,,,,,,,,,,,,,,,,,,,,,,,,,,,,,,,,,,,,,,,,,,,,,,00,2026-08-15T06:52:17,1397.4,,,,,1,,,,,,,14.101,,,,,1074011e11b101260900be210e000544bd003def0b54,6,1
"dm4e_ver:1.10.0, vehicle_sw_ver:ID.SW6.0, pdx_ver:VWE41_2026-02-05_0_116_dr",4.0.1,Completed,2026-08-24T21:00:59.460Z,LL_FrontSensoDriveAssisSysteUDS,00A5,Success,1049407,U198B00,U198B00,Service_AdasFusedObjectsSmall_Front_Radar_Right_Blind,6,32,,TBD,0,,,,,,,,,,,,,,,,,,,,,,,,,,,,,,,,,,,,,,,,,,,,,,,,,,,,,,,,,,,,,,,,,,,,,,,,,,,,,,,,,,,,,,,,,,,,,,,,,,,,,,,,,,,,,,,,,,,,,,,,,,,,,,,,,,,,,,,,,,,,,,,,,,,,,,,,,,,,,
"dm4e_ver:1.10.0, vehicle_sw_ver:ID.SW6.0, pdx_ver:VWE41_2026-02-05_0_116_dr",4.0.1,Completed,2026-08-24T21:00:59.460Z,LL_FrontSensoDriveAssisSysteUDS,00A5,Success,1049430,U198B00,U198B00,Service_AdasFusedObjectsSmall_Front_Radar_Right_Error,6,32,,TBD,0,,,,,,,,,,,,,,,,,,,,,,,,,,,,,,,,,,,,,,,,,,,,,,,,,,,,,,,,,,,,,,,,,,,,,,,,,,,,,,,,,,,,,,,,,,,,,,,,,,,,,,,,,,,,,,,,,,,,,,,,,,,,,,,,,,,,,,,,,,,,,,,,,,,,,,,,,,,,,
"dm4e_ver:1.10.0, vehicle_sw_ver:ID.SW6.0, pdx_ver:VWE41_2026-02-05_0_116_dr",4.0.1,Completed,2026-08-24T21:00:59.460Z,LL_FrontSensoDriveAssisSysteUDS,00A5,Success,1049431,U198B00,U198B00,Service_AdasFusedObjectsSmall_Front_Radar_Left_Error,6,32,,TBD,0,,,,,,,,,,,,,,,,,,,,,,,,,,,,,,,,,,,,,,,,,,,,,,,,,,,,,,,,,,,,,,,,,,,,,,,,,,,,,,,,,,,,,,,,,,,,,,,,,,,,,,,,,,,,,,,,,,,,,,,,,,,,,,,,,,,,,,,,,,,,,,,,,,,,,,,,,,,,,
"dm4e_ver:1.10.0, vehicle_sw_ver:ID.SW6.0, pdx_ver:VWE41_2026-02-05_0_116_dr",4.0.1,Completed,2026-08-24T21:00:59.460Z,LL_FrontSensoDriveAssisSysteUDS,00A5,Success,3145746,U112300,U112300,ACC_Status_ACC_reversibel_ERROR,6,32,,TBD,0,,,,,,,,,,,,,,,,40,,,,,,,,,,,,,,,,,,,,,,,,,,,,,,,,,,,,,,,,,,,,,,,,,,,,,7053,,,,,,,,,,,,,,,,,,,,,,,,,,,,,,,,,,,,,,,,,,,,,,,,,,,,,,,,,,,,,,,,,,,00,2026-08-23T14:30:20,,,,,,,,,,,,,,,,,,,6,2
"dm4e_ver:1.10.0, vehicle_sw_ver:ID.SW6.0, pdx_ver:VWE41_2026-02-05_0_116_dr",4.0.1,Completed,2026-08-24T21:00:59.460Z,LL_FrontSensoDriveAssisSysteUDS,00A5,Success,1048860,U112100,U112100,TIMEOUT_Einheiten_01,6,32,,TBD,0,,,,,,,,,,,,,,,,40,,,,,,,,,,,,,,,,,,,,,,,,,,,,,,,,,,,,,,,,,,,,,,,,,,,,,7053,,,,,,,,,,,,,,,,,,,,,,,,,,,,,,,,,,,,,,,,,,,,,,,,,,,,,,,,,,,,,,,,,,,00,2026-08-23T14:30:20,,,,,,,,,,,,,,,,,,,6,1
"dm4e_ver:1.10.0, vehicle_sw_ver:ID.SW6.0, pdx_ver:VWE41_2026-02-05_0_116_dr",4.0.1,Completed,2026-08-24T21:00:59.460Z,LL_FrontSensoDriveAssisSysteUDS,00A5,Success,1048975,U112100,U112100,TIMEOUT_MainUnit_01,6,32,,TBD,0,,,,,,,,,,,,,,,,40,,,,,,,,,,,,,,,,,,,,,,,,,,,,,,,,,,,,,,,,,,,,,,,,,,,,,7053,,,,,,,,,,,,,,,,,,,,,,,,,,,,,,,,,,,,,,,,,,,,,,,,,,,,,,,,,,,,,,,,,,,00,2026-08-23T14:30:17,,,,,,,,,,,,,,,,,,,6,1
"dm4e_ver:1.10.0, vehicle_sw_ver:ID.SW6.0, pdx_ver:VWE41_2026-02-05_0_116_dr",4.0.1,Completed,2026-08-24T21:00:59.460Z,LL_FrontSensoDriveAssisSysteUDS,00A5,Success,1048852,U112100,U112100,TIMEOUT_PSD_04,6,32,,TBD,0,,,,,,,,,,,,,,,,40,,,,,,,,,,,,,,,,,,,,,,,,,,,,,,,,,,,,,,,,,,,,,,,,,,,,,3662,,,,,,,,,,,,,,,,,,,,,,,,,,,,,,,,,,,,,,,,,,,,,,,,,,,,,,,,,,,,,,,,,,,00,2026-08-03T09:07:51,,,,,,,,,,,,,,,,,,,6,6
"dm4e_ver:1.10.0, vehicle_sw_ver:ID.SW6.0, pdx_ver:VWE41_2026-02-05_0_116_dr",4.0.1,Completed,2026-08-24T21:00:59.460Z,LL_FrontSensoDriveAssisSysteUDS,00A5,Success,1048853,U112100,U112100,TIMEOUT_PSD_05,6,32,,TBD,0,,,,,,,,,,,,,,,,40,,,,,,,,,,,,,,,,,,,,,,,,,,,,,,,,,,,,,,,,,,,,,,,,,,,,,3662,,,,,,,,,,,,,,,,,,,,,,,,,,,,,,,,,,,,,,,,,,,,,,,,,,,,,,,,,,,,,,,,,,,00,2026-08-03T09:07:51,,,,,,,,,,,,,,,,,,,6,6
"dm4e_ver:1.10.0, vehicle_sw_ver:ID.SW6.0, pdx_ver:VWE41_2026-02-05_0_116_dr",4.0.1,Completed,2026-08-24T21:00:59.460Z,LL_FrontSensoDriveAssisSysteUDS,00A5,Success,1048854,U112100,U112100,TIMEOUT_PSD_06,6,32,,TBD,0,,,,,,,,,,,,,,,,40,,,,,,,,,,,,,,,,,,,,,,,,,,,,,,,,,,,,,,,,,,,,,,,,,,,,,3662,,,,,,,,,,,,,,,,,,,,,,,,,,,,,,,,,,,,,,,,,,,,,,,,,,,,,,,,,,,,,,,,,,,00,2026-08-03T09:07:51,,,,,,,,,,,,,,,,,,,6,6
"dm4e_ver:1.10.0, vehicle_sw_ver:ID.SW6.0, pdx_ver:VWE41_2026-02-05_0_116_dr",4.0.1,Completed,2026-08-24T21:00:59.460Z,LL_FrontSensoDriveAssisSysteUDS,00A5,Success,3145836,U112100,U112100,TIMEOUT_GNSS_01,6,32,,TBD,0,,,,,,,,,,,,,,,,,,,,,,,,,,,,,,,,,,,,,,,,,,,,,,,,,,,,,,,,,,,,,,,,,,,,,,,,,,,,,,,,,,,,,,,,,,,,,,,,,,,,,,,,,,,,,,,,,,,,,,,,,,,,,,,,,,,,,,,,,,,,,,,,,,,,,,,,,,,,,
"dm4e_ver:1.10.0, vehicle_sw_ver:ID.SW6.0, pdx_ver:VWE41_2026-02-05_0_116_dr",4.0.1,Completed,2026-08-24T21:00:59.460Z,LL_FrontSensoDriveAssisSysteUDS,00A5,Success,3145839,U112100,U112100,TIMEOUT_GNSS_05,6,32,,TBD,0,,,,,,,,,,,,,,,,,,,,,,,,,,,,,,,,,,,,,,,,,,,,,,,,,,,,,,,,,,,,,,,,,,,,,,,,,,,,,,,,,,,,,,,,,,,,,,,,,,,,,,,,,,,,,,,,,,,,,,,,,,,,,,,,,,,,,,,,,,,,,,,,,,,,,,,,,,,,,
"dm4e_ver:1.10.0, vehicle_sw_ver:ID.SW6.0, pdx_ver:VWE41_2026-02-05_0_116_dr",4.0.1,Completed,2026-08-24T21:00:59.460Z,LL_FrontSensoDriveAssisSysteUDS,00A5,Success,3145845,U112100,U112100,TIMEOUT_POS_GNSS_03_Status,6,46,,TBD,0,,,,,,,,,,,,,,,,40,,,,,,,,,,,,,,,,,,,,,,,,,,,,,,,,,,,,,,,,,,,,,,,,,,,,,16,,,,,,,,,,,,,,,,,,,,,,,,,,,,,,,,,,,,,,,,,,,,,,,,,,,,,,,,,,,,,,,,,,,00,2026-07-13T10:51:27,,,,,,,,,,,,,,,,,,,6,255
"dm4e_ver:1.10.0, vehicle_sw_ver:ID.SW6.0, pdx_ver:VWE41_2026-02-05_0_116_dr",4.0.1,Completed,2026-08-24T21:00:59.460Z,LL_FrontSensoDriveAssisSysteUDS,00A5,Success,3145846,U112100,U112100,TIMEOUT_POS_GNSS_04_Guete,6,46,,TBD,0,,,,,,,,,,,,,,,,40,,,,,,,,,,,,,,,,,,,,,,,,,,,,,,,,,,,,,,,,,,,,,,,,,,,,,16,,,,,,,,,,,,,,,,,,,,,,,,,,,,,,,,,,,,,,,,,,,,,,,,,,,,,,,,,,,,,,,,,,,00,2026-07-13T10:51:27,,,,,,,,,,,,,,,,,,,6,255
"dm4e_ver:1.10.0, vehicle_sw_ver:ID.SW6.0, pdx_ver:VWE41_2026-02-05_0_116_dr",4.0.1,Completed,2026-08-24T21:00:59.460Z,LL_FrontSensoDriveAssisSysteUDS,00A5,Success,3145847,U112100,U112100,TIMEOUT_POS_GNSS_08_Zeit,6,46,,TBD,0,,,,,,,,,,,,,,,,40,,,,,,,,,,,,,,,,,,,,,,,,,,,,,,,,,,,,,,,,,,,,,,,,,,,,,16,,,,,,,,,,,,,,,,,,,,,,,,,,,,,,,,,,,,,,,,,,,,,,,,,,,,,,,,,,,,,,,,,,,00,2026-07-13T10:51:27,,,,,,,,,,,,,,,,,,,6,255
"dm4e_ver:1.10.0, vehicle_sw_ver:ID.SW6.0, pdx_ver:VWE41_2026-02-05_0_116_dr",4.0.1,Completed,2026-08-24T21:00:59.460Z,LL_FrontSensoDriveAssisSysteUDS,00A5,Success,3145848,U112100,U112100,TIMEOUT_POS_GNSS_10,6,46,,TBD,0,,,,,,,,,,,,,,,,40,,,,,,,,,,,,,,,,,,,,,,,,,,,,,,,,,,,,,,,,,,,,,,,,,,,,,16,,,,,,,,,,,,,,,,,,,,,,,,,,,,,,,,,,,,,,,,,,,,,,,,,,,,,,,,,,,,,,,,,,,00,2026-07-13T10:51:27,,,,,,,,,,,,,,,,,,,6,255
"dm4e_ver:1.10.0, vehicle_sw_ver:ID.SW6.0, pdx_ver:VWE41_2026-02-05_0_116_dr",4.0.1,Completed,2026-08-24T21:00:59.460Z,LL_FrontSensoDriveAssisSysteUDS,00A5,Success,1048890,B2F0400,B2F0400,TPA_Init,9,32,,TBD,0,,,,,,,,,,,,,,,,,,,,,,,,,,,,,,,,,,,,,,,,,,,,,,,,,,,,,,,,,,,,,,,,,,,,,,,,,,,,,,,,,,,,,,,,,,,,,,,,,,,,,,,,,,,,,,,,,,,,,,,,,,,,,,,,,,,,,,,,,,,,,,,,,,,,,,,,,,,,,
"dm4e_ver:1.10.0, vehicle_sw_ver:ID.SW6.0, pdx_ver:VWE41_2026-02-05_0_116_dr",4.0.1,Completed,2026-08-24T21:00:59.460Z,LL_FrontSensoDriveAssisSysteUDS,00A5,Success,1048891,B2F0400,B2F0400,TPA_Error,9,32,,TBD,0,,,,,,,,,,,,,,,,,,,,,,,,,,,,,,,,,,,,,,,,,,,,,,,,,,,,,,,,,,,,,,,,,,,,,,,,,,,,,,,,,,,,,,,,,,,,,,,,,,,,,,,,,,,,,,,,,,,,,,,,,,,,,,,,,,,,,,,,,,,,,,,,,,,,,,,,,,,,,
"dm4e_ver:1.10.0, vehicle_sw_ver:ID.SW6.0, pdx_ver:VWE41_2026-02-05_0_116_dr",4.0.1,Completed,2026-08-24T21:00:59.460Z,LL_FrontSensoDriveAssisSysteUDS,00A5,Success,1048892,B2F0400,B2F0400,TPA_Configuration_Error,9,32,,TBD,0,,,,,,,,,,,,,,,,,,,,,,,,,,,,,,,,,,,,,,,,,,,,,,,,,,,,,,,,,,,,,,,,,,,,,,,,,,,,,,,,,,,,,,,,,,,,,,,,,,,,,,,,,,,,,,,,,,,,,,,,,,,,,,,,,,,,,,,,,,,,,,,,,,,,,,,,,,,,,
"dm4e_ver:1.10.0, vehicle_sw_ver:ID.SW6.0, pdx_ver:VWE41_2026-02-05_0_116_dr",4.0.1,Completed,2026-08-24T21:00:59.460Z,LL_FrontSensoDriveAssisSysteUDS,00A5,Success,3145794,U112100,U112100,TIMEOUT_NavData_02,6,32,,TBD,0,,,,,,,,,,,,,,,,40,,,,,,,,,,,,,,,,,,,,,,,,,,,,,,,,,,,,,,,,,,,,,,,,,,,,,5287,,,,,,,,,,,,,,,,,,,,,,,,,,,,,,,,,,,,,,,,,,,,,,,,,,,,,,,,,,,,,,,,,,,00,2026-08-11T18:13:44,,,,,,,,,,,,,,,,,,,6,7
"dm4e_ver:1.10.0, vehicle_sw_ver:ID.SW6.0, pdx_ver:VWE41_2026-02-05_0_116_dr",4.0.1,Completed,2026-08-24T21:00:59.460Z,LL_FrontSensoDriveAssisSysteUDS,00A5,Success,3145876,U112100,U112100,TIMEOUT_NavPos_02_Map_Matched,6,32,,TBD,0,,,,,,,,,,,,,,,,40,,,,,,,,,,,,,,,,,,,,,,,,,,,,,,,,,,,,,,,,,,,,,,,,,,,,,5287,,,,,,,,,,,,,,,,,,,,,,,,,,,,,,,,,,,,,,,,,,,,,,,,,,,,,,,,,,,,,,,,,,,00,2026-08-11T18:13:44,,,,,,,,,,,,,,,,,,,6,7
"dm4e_ver:1.10.0, vehicle_sw_ver:ID.SW6.0, pdx_ver:VWE41_2026-02-05_0_116_dr",4.0.1,Completed,2026-08-24T21:00:59.460Z,LL_FrontSensoDriveAssisSysteUDS,00A5,Success,1048909,U112100,U112100,TIMEOUT_POS_GNSS_01_Ortung,6,46,,TBD,0,,,,,,,,,,,,,,,,40,,,,,,,,,,,,,,,,,,,,,,,,,,,,,,,,,,,,,,,,,,,,,,,,,,,,,16,,,,,,,,,,,,,,,,,,,,,,,,,,,,,,,,,,,,,,,,,,,,,,,,,,,,,,,,,,,,,,,,,,,00,2026-07-13T10:51:27,,,,,,,,,,,,,,,,,,,6,255
"dm4e_ver:1.10.0, vehicle_sw_ver:ID.SW6.0, pdx_ver:VWE41_2026-02-05_0_116_dr",4.0.1,Completed,2026-08-24T21:00:59.460Z,LL_FrontSensoDriveAssisSysteUDS,00A5,Success,1048910,U112100,U112100,TIMEOUT_POS_GNSS_02_Geschw,6,46,,TBD,0,,,,,,,,,,,,,,,,40,,,,,,,,,,,,,,,,,,,,,,,,,,,,,,,,,,,,,,,,,,,,,,,,,,,,,16,,,,,,,,,,,,,,,,,,,,,,,,,,,,,,,,,,,,,,,,,,,,,,,,,,,,,,,,,,,,,,,,,,,00,2026-07-13T10:51:27,,,,,,,,,,,,,,,,,,,6,255
"dm4e_ver:1.10.0, vehicle_sw_ver:ID.SW6.0, pdx_ver:VWE41_2026-02-05_0_116_dr",4.0.1,Completed,2026-08-24T21:00:59.460Z,LL_FrontSensoDriveAssisSysteUDS,00A5,Success,1048913,U112100,U112100,TIMEOUT_POS_GNSS_05_Position,6,46,,TBD,0,,,,,,,,,,,,,,,,40,,,,,,,,,,,,,,,,,,,,,,,,,,,,,,,,,,,,,,,,,,,,,,,,,,,,,16,,,,,,,,,,,,,,,,,,,,,,,,,,,,,,,,,,,,,,,,,,,,,,,,,,,,,,,,,,,,,,,,,,,00,2026-07-13T10:51:27,,,,,,,,,,,,,,,,,,,6,255
"dm4e_ver:1.10.0, vehicle_sw_ver:ID.SW6.0, pdx_ver:VWE41_2026-02-05_0_116_dr",4.0.1,Completed,2026-08-24T21:00:59.460Z,LL_FrontSensoDriveAssisSysteUDS,00A5,Success,1048914,U112100,U112100,TIMEOUT_POS_GNSS_07_Sat_konf,6,46,,TBD,0,,,,,,,,,,,,,,,,40,,,,,,,,,,,,,,,,,,,,,,,,,,,,,,,,,,,,,,,,,,,,,,,,,,,,,16,,,,,,,,,,,,,,,,,,,,,,,,,,,,,,,,,,,,,,,,,,,,,,,,,,,,,,,,,,,,,,,,,,,00,2026-07-13T10:51:27,,,,,,,,,,,,,,,,,,,6,255
"dm4e_ver:1.10.0, vehicle_sw_ver:ID.SW6.0, pdx_ver:VWE41_2026-02-05_0_116_dr",4.0.1,Completed,2026-08-24T21:00:59.460Z,LL_FrontSensoDriveAssisSysteUDS,00A5,Success,3145837,U112100,U112100,TIMEOUT_GNSS_02,6,32,,TBD,0,,,,,,,,,,,,,,,,40,,,,,,,,,,,,,,,,,,,,,,,,,,,,,,,,,,,,,,,,,,,,,,,,,,,,,6620,,,,,,,,,,,,,,,,,,,,,,,,,,,,,,,,,,,,,,,,,,,,,,,,,,,,,,,,,,,,,,,,,,,00,2026-08-20T11:07:37,,,,,,,,,,,,,,,,,,,6,1
"dm4e_ver:1.10.0, vehicle_sw_ver:ID.SW6.0, pdx_ver:VWE41_2026-02-05_0_116_dr",4.0.1,Completed,2026-08-24T21:00:59.460Z,LL_FrontSensoDriveAssisSysteUDS,00A5,Success,3145838,U112100,U112100,TIMEOUT_GNSS_04,6,32,,TBD,0,,,,,,,,,,,,,,,,40,,,,,,,,,,,,,,,,,,,,,,,,,,,,,,,,,,,,,,,,,,,,,,,,,,,,,6620,,,,,,,,,,,,,,,,,,,,,,,,,,,,,,,,,,,,,,,,,,,,,,,,,,,,,,,,,,,,,,,,,,,00,2026-08-20T11:07:37,,,,,,,,,,,,,,,,,,,6,1
"dm4e_ver:1.10.0, vehicle_sw_ver:ID.SW6.0, pdx_ver:VWE41_2026-02-05_0_116_dr",4.0.1,Completed,2026-08-24T21:00:59.460Z,LL_FrontSensoDriveAssisSysteUDS,00A5,Success,3145840,U112100,U112100,TIMEOUT_GNSS_07,6,32,,TBD,0,,,,,,,,,,,,,,,,40,,,,,,,,,,,,,,,,,,,,,,,,,,,,,,,,,,,,,,,,,,,,,,,,,,,,,6620,,,,,,,,,,,,,,,,,,,,,,,,,,,,,,,,,,,,,,,,,,,,,,,,,,,,,,,,,,,,,,,,,,,00,2026-08-20T11:07:37,,,,,,,,,,,,,,,,,,,6,1
"dm4e_ver:1.10.0, vehicle_sw_ver:ID.SW6.0, pdx_ver:VWE41_2026-02-05_0_116_dr",4.0.1,Completed,2026-08-24T21:00:59.460Z,LL_FrontSensoDriveAssisSysteUDS,00A5,Success,3146049,U112300,U112300,MIK_Status_Error,6,32,,TBD,0,,,,,,,,,,,,,,,,,,,,,,,,,,,,,,,,,,,,,,,,,,,,,,,,,,,,,,,,,,,,,,,,,,,,,,,,,,,,,,,,,,,,,,,,,,,,,,,,,,,,,,,,,,,,,,,,,,,,,,,,,,,,,,,,,,,,,,,,,,,,,,,,,,,,,,,,,,,,,
"dm4e_ver:1.10.0, vehicle_sw_ver:ID.SW6.0, pdx_ver:VWE41_2026-02-05_0_116_dr",4.0.1,Completed,2026-08-24T21:00:59.460Z,LL_FrontSensoDriveAssisSysteUDS,00A5,Success,3146050,U112300,U112300,ADA_Ablenkung_Status_Error,6,32,,TBD,0,,,,,,,,,,,,,,,,,,,,,,,,,,,,,,,,,,,,,,,,,,,,,,,,,,,,,,,,,,,,,,,,,,,,,,,,,,,,,,,,,,,,,,,,,,,,,,,,,,,,,,,,,,,,,,,,,,,,,,,,,,,,,,,,,,,,,,,,,,,,,,,,,,,,,,,,,,,,,
"dm4e_ver:1.10.0, vehicle_sw_ver:ID.SW6.0, pdx_ver:VWE41_2026-02-05_0_116_dr",4.0.1,Completed,2026-08-24T21:00:59.460Z,LL_FrontSensoDriveAssisSysteUDS,00A5,Success,3146051,U112300,U112300,ADA_Muedigkeit_Status_Error,6,32,,TBD,0,,,,,,,,,,,,,,,,,,,,,,,,,,,,,,,,,,,,,,,,,,,,,,,,,,,,,,,,,,,,,,,,,,,,,,,,,,,,,,,,,,,,,,,,,,,,,,,,,,,,,,,,,,,,,,,,,,,,,,,,,,,,,,,,,,,,,,,,,,,,,,,,,,,,,,,,,,,,,
"dm4e_ver:1.10.0, vehicle_sw_ver:ID.SW6.0, pdx_ver:VWE41_2026-02-05_0_116_dr",4.0.1,Completed,2026-08-24T21:00:59.460Z,LL_FrontSensoDriveAssisSysteUDS,00A5,Success,3146045,U112100,U112100,TIMEOUT_FAS_Anzeigen_01,6,32,,TBD,0,,,,,,,,,,,,,,,,40,,,,,,,,,,,,,,,,,,,,,,,,,,,,,,,,,,,,,,,,,,,,,,,,,,,,,7053,,,,,,,,,,,,,,,,,,,,,,,,,,,,,,,,,,,,,,,,,,,,,,,,,,,,,,,,,,,,,,,,,,,00,2026-08-23T14:30:17,,,,,,,,,,,,,,,,,,,6,1
"dm4e_ver:1.10.0, vehicle_sw_ver:ID.SW6.0, pdx_ver:VWE41_2026-02-05_0_116_dr",4.0.1,Completed,2026-08-24T21:00:59.460Z,LL_GatewUDS,0019,Success,1049250,U122D00,U122D00,Ethernet_databus_no_communication_port_2,4,44,,TBD,1,,,,,,,,,,,,,,,,40,,,,,,,,,,,,,,000c02000300040005000600070008000a000b000c000d0010000000000000000000,000c02010300040005000600070008000a000b000c000d0010000000000000000000,,,,,,,,,,,,,,,,,,,,,,,,,,,,,,,,,,,,,,17,,,,,,,,,,,,,,,,,,,,,,,,,,,,,,,,,,,,,,,,,,,,,,,,,,,,,,,,,,,,,,,,,,,00,2026-07-13T11:42:30,,,,,,,,,,,,,,,,,,,4,255
"dm4e_ver:1.10.0, vehicle_sw_ver:ID.SW6.0, pdx_ver:VWE41_2026-02-05_0_116_dr",4.0.1,Completed,2026-08-24T21:00:59.460Z,LL_GatewUDS,0019,Success,1049251,U122E00,U122E00,Ethernet_databus_no_communication_port_3,4,40,,TBD,1,,,,,,,,,,,,,,,,40,,,,,,,,,,,,,,000c02000300040005000600070008000a000b000c000d0010000000000000000000,000c02010301040105000600070108000a000b000c000d0010000000000000000000,,,,,,,,,,,,,,,,,,,,,,,,,,,,,,,,,,,,,,17,,,,,,,,,,,,,,,,,,,,,,,,,,,,,,,,,,,,,,,,,,,,,,,,,,,,,,,,,,,,,,,,,,,00,2026-07-13T12:45:20,,,,,,,,,,,,,,,,,,,4,255
"dm4e_ver:1.10.0, vehicle_sw_ver:ID.SW6.0, pdx_ver:VWE41_2026-02-05_0_116_dr",4.0.1,Completed,2026-08-24T21:00:59.460Z,LL_GatewUDS,0019,Success,1049252,U122F00,U122F00,Ethernet_databus_no_communication_port_4,4,40,,TBD,1,,,,,,,,,,,,,,,,40,,,,,,,,,,,,,,000c02000300040005000600070008000a000b000c000d0010000000000000000000,000c02010301040105000600070108000a000b000c000d0010000000000000000000,,,,,,,,,,,,,,,,,,,,,,,,,,,,,,,,,,,,,,17,,,,,,,,,,,,,,,,,,,,,,,,,,,,,,,,,,,,,,,,,,,,,,,,,,,,,,,,,,,,,,,,,,,00,2026-07-13T12:45:20,,,,,,,,,,,,,,,,,,,4,255
"dm4e_ver:1.10.0, vehicle_sw_ver:ID.SW6.0, pdx_ver:VWE41_2026-02-05_0_116_dr",4.0.1,Completed,2026-08-24T21:00:59.460Z,LL_GatewUDS,0019,Success,1049259,U14A800,U14A800,Ethernet_databus_no_communication_port_11,4,40,,TBD,1,,,,,,,,,,,,,,,,40,,,,,,,,,,,,,,000c02000300040005000600070008000a000b000c000d0010000000000000000000,000c02010301040105000600070108000a000b040c040d0010000000000000000000,,,,,,,,,,,,,,,,,,,,,,,,,,,,,,,,,,,,,,18,,,,,,,,,,,,,,,,,,,,,,,,,,,,,,,,,,,,,,,,,,,,,,,,,,,,,,,,,,,,,,,,,,,00,2026-07-15T07:07:44,,,,,,,,,,,,,,,,,,,4,82
"dm4e_ver:1.10.0, vehicle_sw_ver:ID.SW6.0, pdx_ver:VWE41_2026-02-05_0_116_dr",4.0.1,Completed,2026-08-24T21:00:59.460Z,LL_GatewUDS,0019,Success,1049254,U123100,U123100,Ethernet_databus_no_communication_port_6,4,47,,TBD,1,,,,,,,,,,,,,,,,40,,,,,,,,,,,,,,000c02000300040005000600070008000a000b000c000d0010000000000000000000,000c02000300040005000600070008000a000b000c000d0010000000000000000000,,,,,,,,,,,,,,,,,,,,,,,,,,,,,,,,,,,,,,16,,,,,,,,,,,,,,,,,,,,,,,,,,,,,,,,,,,,,,,,,,,,,,,,,,,,,,,,,,,,,,,,,,,00,2026-07-13T10:42:43,,,,,,,,,,,,,,,,,,,4,255
"dm4e_ver:1.10.0, vehicle_sw_ver:ID.SW6.0, pdx_ver:VWE41_2026-02-05_0_116_dr",4.0.1,Completed,2026-08-24T21:00:59.460Z,LL_GatewUDS,0019,Success,1049255,U123200,U123200,Ethernet_databus_no_communication_port_7,4,40,,TBD,1,,,,,,,,,,,,,,,,40,,,,,,,,,,,,,,000c02000300040005000600070008000a000b000c000d0010000000000000000000,000c02010301040105000600070108000a000b000c000d0010000000000000000000,,,,,,,,,,,,,,,,,,,,,,,,,,,,,,,,,,,,,,17,,,,,,,,,,,,,,,,,,,,,,,,,,,,,,,,,,,,,,,,,,,,,,,,,,,,,,,,,,,,,,,,,,,00,2026-07-13T11:57:30,,,,,,,,,,,,,,,,,,,4,255
"dm4e_ver:1.10.0, vehicle_sw_ver:ID.SW6.0, pdx_ver:VWE41_2026-02-05_0_116_dr",4.0.1,Completed,2026-08-24T21:00:59.460Z,LL_GatewUDS,0019,Success,2502759,U164200,U164200,Emergency-call_module_no_communication_vlan,4,40,,TBD,1,,,,,,,,,,,,,,,,16,,,,,,,,,,,,,,,,,,,,,,,,,,,,,,,,,,3d08080007ca50bc8062904248380040c400600004780000000000000000de57,3d08080007c8503c00228000483800000000600000000000000000000000de53,,,,,,,,,,,,,,,,,,17,,,,,,,,,,,,,,,,,,,,,,,,,,,,,,,,,,,,,,,,,,,,,,,,,,,,,,,,,,,,,,,,,,,00,2026-07-13T16:02:15,,,,,,,,,,,,,,,,,,,4,12
"dm4e_ver:1.10.0, vehicle_sw_ver:ID.SW6.0, pdx_ver:VWE41_2026-02-05_0_116_dr",4.0.1,Completed,2026-08-24T21:00:59.460Z,LL_GatewUDS,0019,Success,2498675,U164500,U164500,Information_electronics_control_module_1_no_communication_vlan,4,32,,TBD,1,,,,,,,,,,,,,,,,40,,,,,,,,,,,,,,,,,,,,,,,,,,,,,,,,,,3d08080007ca50bc8062904248380040c400600004780000000000000000de57,010000000400500000008000401800400000000000000000000000000000de00,,,,,,,,,,,,,,,,,,7127,,,,,,,,,,,,,,,,,,,,,,,,,,,,,,,,,,,,,,,,,,,,,,,,,,,,,,,,,,,,,,,,,,,00,2026-08-23T18:25:48,,,,,,,,,,,,,,,,,,,4,1
"dm4e_ver:1.10.0, vehicle_sw_ver:ID.SW6.0, pdx_ver:VWE41_2026-02-05_0_116_dr",4.0.1,Completed,2026-08-24T21:00:59.460Z,LL_GatewUDS,0019,Success,8540417,U15FA00,U15FA00,EgoMaster_Input_data_failure,6,46,,TBD,1,,,,,,,,,,,,,,,,40,,,,,,,,,                                                                                                                                                                                                        ,,,,,,,,,,,,,,,,,,,,,,,,,,,,,,,,,,,,,,,,,,,,16,,,,,,,,,,,,,,,,,,,,,,,,,,,,,,,,,,,,,,,,,,,,,,,,,,,,,,,,,,,,,,,,,,,00,2026-07-13T10:51:27,,,,,,,,,,,,,,,,,,,6,255
"dm4e_ver:1.10.0, vehicle_sw_ver:ID.SW6.0, pdx_ver:VWE41_2026-02-05_0_116_dr",4.0.1,Completed,2026-08-24T21:00:59.460Z,LL_GatewUDS,0019,Success,8511745,U173E00,U173E00,Occupant_Presence_Service_Restriction,6,32,,TBD,1,,,,,,,,,,,,,,,,,,,,,,,,,,,,,,,,,,,,,,,,,,,,,,,,,,,,,,,,,,,,,,,,,,,,,,,,,,,,,,,,,,,,,,,,,,,,,,,,,,,,,,,,,,,,,,,,,,,,,,,,,,,,,,,,,,,,,,,,,,,,,,,,,,,,,,,,,,,,,
"dm4e_ver:1.10.0, vehicle_sw_ver:ID.SW6.0, pdx_ver:VWE41_2026-02-05_0_116_dr",4.0.1,Completed,2026-08-24T21:00:59.460Z,LL_GatewUDS,0019,Success,9371914,B163002,B163002,PSD_EHR_construct_error_timeout,6,108,,TBD,1,,,,,,,,,,,,,,,,40,,,,,,,,,,,,,,,,,,,,,,,,,,,,,,,,,,,,,,,,,,,,,,,,,,,,,1192,,,,,,,,,,,,,,,,,,,,,,,,,,,,,,,,,,,,,,,,,,,,,,,,,,,,,,,,,,,,,,,,,,,00,2026-07-20T13:44:17,,,,,,,,,,,,,,,,,,,6,48
"dm4e_ver:1.10.0, vehicle_sw_ver:ID.SW6.0, pdx_ver:VWE41_2026-02-05_0_116_dr",4.0.1,Completed,2026-08-24T21:00:59.460Z,LL_GatewUDS,0019,Success,9371915,B163002,B163002,PSD_GW_message_order_inconsistent,6,32,,TBD,1,,,,,,,,,,,,,,,,28,,,,,,,,,,,,,,,,,,,,,,,,,,,,,,,,,,,,,,,,,,,,,,,,,,,,,4115,,,,,,,,,,,,,,,,,,,,,,,,,,,,,,,,,,,,,,,,,,,,,,,,,,,,,,,,,,,,,,,,,,,00,2026-08-05T12:52:29,,,,,,,,,,,,,,,,,,,6,2
"dm4e_ver:1.10.0, vehicle_sw_ver:ID.SW6.0, pdx_ver:VWE41_2026-02-05_0_116_dr",4.0.1,Completed,2026-08-24T21:00:59.460Z,LL_GatewUDS,0019,Success,8413444,B114B96,B114B96,Multi-function_buttons_in steering_wheel_left_internal_malfunction,4,32,,TBD,1,,,,,,,,,,,,,,,,2,,,,,,,,,,,,,,,,,,,,,,,,,,,,,,,,,,,,,,,,,,,,,,,,,,,,,4338,,,,,,,,,,,,,,,,,,,,,,,,,,,,,,,,,,,,,,,,,,,,,,,,,,,,,,,,,,,,,,,,,,,00,2026-08-06T09:13:48,,,,,,,,,,,,,,,,,,,4,1
"dm4e_ver:1.10.0, vehicle_sw_ver:ID.SW6.0, pdx_ver:VWE41_2026-02-05_0_116_dr",4.0.1,Completed,2026-08-24T21:00:59.460Z,LL_GatewUDS,0019,Success,267032,B131D29,B131D29,Sirene-DWA -> Störung,4,40,,TBD,1,,,,,,,,,,-50.0,,,,,,38,,,,,,,,,,Off,,,,,,,,,,,,,,,,,,,,,,,,,,,,,,,,,,,,,,,,,,,623,,,,,,,,,,,,,,,,auto,,,,,,,,,,,,,,,,,,,,,,,,,,,,,,,,,,,,,Off,Off,,,Off,Off,,,,,,,,,00,2026-07-17T19:13:07,,,,,,,,,,,,12.2,,,,,,,4,21
"dm4e_ver:1.10.0, vehicle_sw_ver:ID.SW6.0, pdx_ver:VWE41_2026-02-05_0_116_dr",4.0.1,Completed,2026-08-24T21:00:59.460Z,LL_GatewUDS,0019,Success,2494569,U164300,U164300,Rearview_camera_system_control_module_no_communication_vlan,4,44,,TBD,1,,,,,,,,,,,,,,,,40,,,,,,,,,,,,,,,,,,,,,,,,,,,,,,,,,,3d08080007ca50bc8062904248380040c400600004780000000000000000de57,3d08080007ca503c00628040483800400000600000000000000000000000de53,,,,,,,,,,,,,,,,,,17,,,,,,,,,,,,,,,,,,,,,,,,,,,,,,,,,,,,,,,,,,,,,,,,,,,,,,,,,,,,,,,,,,,00,2026-07-13T11:42:30,,,,,,,,,,,,,,,,,,,4,255
"dm4e_ver:1.10.0, vehicle_sw_ver:ID.SW6.0, pdx_ver:VWE41_2026-02-05_0_116_dr",4.0.1,Completed,2026-08-24T21:00:59.460Z,LL_GatewUDS,0019,Success,2519344,U179C00,U179C00,Cockpit_ system_3_ android_ control_module_no_communication_vlan,4,40,,TBD,1,,,,,,,,,,,,,,,,40,,,,,,,,,,,,,,,,,,,,,,,,,,,,,,,,,,3d08080007ca50bc8062904248380040c400600004780000000000000000de57,010000000400500000008000401800400000400000000000000000000000de40,,,,,,,,,,,,,,,,,,17,,,,,,,,,,,,,,,,,,,,,,,,,,,,,,,,,,,,,,,,,,,,,,,,,,,,,,,,,,,,,,,,,,,00,2026-07-13T12:45:28,,,,,,,,,,,,,,,,,,,4,46
"dm4e_ver:1.10.0, vehicle_sw_ver:ID.SW6.0, pdx_ver:VWE41_2026-02-05_0_116_dr",4.0.1,Completed,2026-08-24T21:00:59.460Z,LL_GatewUDS,0019,Success,12400,B184C00,B184C00,Unlock_protection_of_vehicle_diagnosis_active,3,108,,TBD,1,,,,,,,,,,,,,,,,40,,,,,,,,,,,,,,,,,,,,,,,,,,,,,,,,,,,,,,,,,,,,,,,,,,,,,16,,,,,,,,,,,,,,,,,,,,,,,,,,,,,,,,,,,,,,,,,,,,,,,,,,,,,,,,,,,,,,,,,,,00,2026-07-13T10:42:28,,,,,,,,,,,,,,,,,,,3,1
"dm4e_ver:1.10.0, vehicle_sw_ver:ID.SW6.0, pdx_ver:VWE41_2026-02-05_0_116_dr",4.0.1,Completed,2026-08-24T21:00:59.460Z,LL_GatewUDS,0019,Success,13046412,U07128C,U07128C,Steering_column_module_no_communication,2,32,,TBD,1,,,,,,,,,,,,,,,,29,,,,,,,,,,,,,,,,,,,,,,,,,,,,,,,,,,3d08080007ca50bc8062904248380040c400600004780000000000000000de57,3d08080007ca50bc8062904248380040c400600004780000000000000000de47,,,,,,,,,,,,,,,,,,4377,,,,,,,,,,,,,,,,,,,,,,,,,,,,,,,,,,,,,,,,,,,,,,,,,,,,,,,,,,,,,,,,,,,00,2026-08-06T15:44:59,,,,,,,,,,,,,,,,,,,2,4
"dm4e_ver:1.10.0, vehicle_sw_ver:ID.SW6.0, pdx_ver:VWE41_2026-02-05_0_116_dr",4.0.1,Completed,2026-08-24T21:00:59.460Z,LL_GatewUDS,0019,Success,4560780,C05978C,C05978C,ABS_control_module_no_communication,2,32,,TBD,1,,,,,,,,,,,,,,,,5,,,,,,,,,,,,,,,,,,,,,,,,,,,,,,,,,,3d08080007ca50bc8062904248380040c400600004780000000000000000de57,35080000050a500000428040483800400000400000000000000000000000de43,,,,,,,,,,,,,,,,,,2244,,,,,,,,,,,,,,,,,,,,,,,,,,,,,,,,,,,,,,,,,,,,,,,,,,,,,,,,,,,,,,,,,,,00,2026-07-26T18:12:12,,,,,,,,,,,,,,,,,,,2,2
"dm4e_ver:1.10.0, vehicle_sw_ver:ID.SW6.0, pdx_ver:VWE41_2026-02-05_0_116_dr",4.0.1,Completed,2026-08-24T21:00:59.460Z,LL_GatewUDS,0019,Success,13065868,U075E8C,U075E8C,Brake_booster_control_module_no_communication,2,32,,TBD,1,,,,,,,,,,,,,,,,37,,,,,,,,,,,,,,,,,,,,,,,,,,,,,,,,,,3d08080007ca50bc8062904248380040c400600004780000000000000000de57,3d08080007c250bc8062904248380040c400600004780000000000000000de57,,,,,,,,,,,,,,,,,,6748,,,,,,,,,,,,,,,,,,,,,,,,,,,,,,,,,,,,,,,,,,,,,,,,,,,,,,,,,,,,,,,,,,,00,2026-08-20T17:04:22,,,,,,,,,,,,,,,,,,,2,3
"dm4e_ver:1.10.0, vehicle_sw_ver:ID.SW6.0, pdx_ver:VWE41_2026-02-05_0_116_dr",4.0.1,Completed,2026-08-24T21:00:59.460Z,LL_GatewUDS,0019,Success,2170942,U020100,U020100,Door_control_module_rear_left_no_communication,4,32,,TBD,1,,,,,,,,,,,,,,,,21,,,,,,,,,,,,,,,,,,,,,,,,,,,,,,,,,,3d08080007ca50bc8062904248380040c400600004780000000000000000de57,3d080800078a50bc8062904248380040c400600004780000000000000000de57,,,,,,,,,,,,,,,,,,5815,,,,,,,,,,,,,,,,,,,,,,,,,,,,,,,,,,,,,,,,,,,,,,,,,,,,,,,,,,,,,,,,,,,00,2026-08-15T16:21:37,,,,,,,,,,,,,,,,,,,4,1
"dm4e_ver:1.10.0, vehicle_sw_ver:ID.SW6.0, pdx_ver:VWE41_2026-02-05_0_116_dr",4.0.1,Completed,2026-08-24T21:00:59.460Z,LL_GatewUDS,0019,Success,2170943,U020200,U020200,Door_control_module_rear_right_no_communication,4,32,,TBD,1,,,,,,,,,,,,,,,,,,,,,,,,,,,,,,,,,,,,,,,,,,,,,,,,,,,,,,,,,,,,,,,,,,,,,,,,,,,,,,,,,,,,,,,,,,,,,,,,,,,,,,,,,,,,,,,,,,,,,,,,,,,,,,,,,,,,,,,,,,,,,,,,,,,,,,,,,,,,,
"dm4e_ver:1.10.0, vehicle_sw_ver:ID.SW6.0, pdx_ver:VWE41_2026-02-05_0_116_dr",4.0.1,Completed,2026-08-24T21:00:59.460Z,LL_GatewUDS,0019,Success,2170954,U019900,U019900,Door_electronics_driver_side_no_communication,4,32,,TBD,1,,,,,,,,,,,,,,,,,,,,,,,,,,,,,,,,,,,,,,,,,,,,,,,,,,,,,,,,,,,,,,,,,,,,,,,,,,,,,,,,,,,,,,,,,,,,,,,,,,,,,,,,,,,,,,,,,,,,,,,,,,,,,,,,,,,,,,,,,,,,,,,,,,,,,,,,,,,,,
"dm4e_ver:1.10.0, vehicle_sw_ver:ID.SW6.0, pdx_ver:VWE41_2026-02-05_0_116_dr",4.0.1,Completed,2026-08-24T21:00:59.460Z,LL_GatewUDS,0019,Success,2232407,U023500,U023500,Cruise_control_front_distance_range_sensor_no_communication,4,32,,TBD,1,,,,,,,,,,,,,,,,,,,,,,,,,,,,,,,,,,,,,,,,,,,,,,,,,,,,,,,,,,,,,,,,,,,,,,,,,,,,,,,,,,,,,,,,,,,,,,,,,,,,,,,,,,,,,,,,,,,,,,,,,,,,,,,,,,,,,,,,,,,,,,,,,,,,,,,,,,,,,
"dm4e_ver:1.10.0, vehicle_sw_ver:ID.SW6.0, pdx_ver:VWE41_2026-02-05_0_116_dr",4.0.1,Completed,2026-08-24T21:00:59.460Z,LL_GatewUDS,0019,Success,2269289,U104C00,U104C00,Rearview_camera_system_control_module_no_communication,4,40,,TBD,1,,,,,,,,,,,,,,,,13,,,,,,,,,,,,,,,,,,,,,,,,,,,,,,,,,,3d08080007ca50bc8062904248380040c400600004780000000000000000de57,3d08080007ca50bc0062904048380040c000600004780000000000000000de57,,,,,,,,,,,,,,,,,,5286,,,,,,,,,,,,,,,,,,,,,,,,,,,,,,,,,,,,,,,,,,,,,,,,,,,,,,,,,,,,,,,,,,,00,2026-08-11T18:06:03,,,,,,,,,,,,,,,,,,,4,1
"dm4e_ver:1.10.0, vehicle_sw_ver:ID.SW6.0, pdx_ver:VWE41_2026-02-05_0_116_dr",4.0.1,Completed,2026-08-24T21:00:59.460Z,LL_GatewUDS,0019,Success,13107340,U08008C,U08008C,ECM/PCM_no_communication,2,32,,TBD,1,,,,,,,,,,,,,,,,16,,,,,,,,,,,,,,,,,,,,,,,,,,,,,,,,,,3d08080007ca50bc8062904248380040c400600004780000000000000000de57,3d08080007ca50bc8062904208380040c400600004780000000000000000de57,,,,,,,,,,,,,,,,,,5504,,,,,,,,,,,,,,,,,,,,,,,,,,,,,,,,,,,,,,,,,,,,,,,,,,,,,,,,,,,,,,,,,,,00,2026-08-14T06:49:49,,,,,,,,,,,,,,,,,,,2,1
"dm4e_ver:1.10.0, vehicle_sw_ver:ID.SW6.0, pdx_ver:VWE41_2026-02-05_0_116_dr",4.0.1,Completed,2026-08-24T21:00:59.460Z,LL_GatewUDS,0019,Success,2240772,U159600,U159600,Relay_station_attack_device_4_front_left_no_communication,4,32,,TBD,1,,,,,,,,,,,,,,,,,,,,,,,,,,,,,,,,,,,,,,,,,,,,,,,,,,,,,,,,,,,,,,,,,,,,,,,,,,,,,,,,,,,,,,,,,,,,,,,,,,,,,,,,,,,,,,,,,,,,,,,,,,,,,,,,,,,,,,,,,,,,,,,,,,,,,,,,,,,,,
"dm4e_ver:1.10.0, vehicle_sw_ver:ID.SW6.0, pdx_ver:VWE41_2026-02-05_0_116_dr",4.0.1,Completed,2026-08-24T21:00:59.460Z,LL_GatewUDS,0019,Success,7467268,B200500,B200500,Data_set_invalid_DCP,3,109,,TBD,1,,,,,,,,,,,,,,,,40,,,,,,,,,,,,,,,,,,,,,,,,,,,,,,,,,,,,,,,,,,,,,,,,,,,,,16,,,,,,,,,,,,,,,,,,,,,,,,,,,,,,,,,,,,,,,,,,,,,,,,,,,,,,,,,,,,,,,,,,,00,2026-07-13T11:36:26,,,,,,,,,,,,,,,,,,,3,1
"dm4e_ver:1.10.0, vehicle_sw_ver:ID.SW6.0, pdx_ver:VWE41_2026-02-05_0_116_dr",4.0.1,Completed,2026-08-24T21:00:59.460Z,LL_GatewUDS,0019,Success,1049260,U15F200,U15F200,Ethernet_databus_no_communication_port_12,4,40,,TBD,1,,,,,,,,,,,,,,,,40,,,,,,,,,,,,,,000c02000300040005000600070008000a000b000c000d0010000000000000000000,000c02010301040105000600070108000a000b040c040d0010000000000000000000,,,,,,,,,,,,,,,,,,,,,,,,,,,,,,,,,,,,,,16,,,,,,,,,,,,,,,,,,,,,,,,,,,,,,,,,,,,,,,,,,,,,,,,,,,,,,,,,,,,,,,,,,,00,2026-07-13T11:05:09,,,,,,,,,,,,,,,,,,,4,255
"dm4e_ver:1.10.0, vehicle_sw_ver:ID.SW6.0, pdx_ver:VWE41_2026-02-05_0_116_dr",4.0.1,Completed,2026-08-24T21:00:59.460Z,LL_GatewUDS,0019,Success,2498580,U164000,U164000,Instrument_panel_cluster_control_module_no_communication_vlan,4,32,,TBD,1,,,,,,,,,,,,,,,,39,,,,,,,,,,,,,,,,,,,,,,,,,,,,,,,,,,3d08080007ca50bc8062904248380040c400600004780000000000000000de57,2d08080006ca50bc8062904248180040c400600004780000000000000000de56,,,,,,,,,,,,,,,,,,7053,,,,,,,,,,,,,,,,,,,,,,,,,,,,,,,,,,,,,,,,,,,,,,,,,,,,,,,,,,,,,,,,,,,00,2026-08-23T14:31:10,,,,,,,,,,,,,,,,,,,4,1
"dm4e_ver:1.10.0, vehicle_sw_ver:ID.SW6.0, pdx_ver:VWE41_2026-02-05_0_116_dr",4.0.1,Completed,2026-08-24T21:00:59.460Z,LL_GatewUDS,0019,Success,2498824,U166300,U166300,Application_server_3_system_1_infotainment_no_communication_vlan,4,40,,TBD,1,,,,,,,,,,,,,,,,40,,,,,,,,,,,,,,,,,,,,,,,,,,,,,,,,,,3d08080007ca50bc8062904248380040c400600004780000000000000000de57,010000000400500000008000401800400000400000000000000000000000de40,,,,,,,,,,,,,,,,,,17,,,,,,,,,,,,,,,,,,,,,,,,,,,,,,,,,,,,,,,,,,,,,,,,,,,,,,,,,,,,,,,,,,,00,2026-07-13T12:45:28,,,,,,,,,,,,,,,,,,,4,23
"dm4e_ver:1.10.0, vehicle_sw_ver:ID.SW6.0, pdx_ver:VWE41_2026-02-05_0_116_dr",4.0.1,Completed,2026-08-24T21:00:59.460Z,LL_GatewUDS,0019,Success,8712960,U112300,U112300,FAULT_EXTERNAL_SIGNAL_IMPLAUS,6,32,,TBD,1,,,,,,,,,,,,,,,,5,,,,,,,,,,,,,,,,,,,,,,,,,,,,,,,,,,,,,,,,,,,,,,,,,,,,,3661,,,,,,,,,,,,,,,,,,,,,,,,,,,,,,,,,,,,,,,,,,,,,,,,,,,,,,,,,,,,,,,,,,,00,2026-08-03T08:43:23,,,,,,,,,,,,,,,,,,,6,6
"dm4e_ver:1.10.0, vehicle_sw_ver:ID.SW6.0, pdx_ver:VWE41_2026-02-05_0_116_dr",4.0.1,Completed,2026-08-24T21:00:59.460Z,LL_GatewUDS,0019,Success,8471856,U112100,U112100,MissingCANMessage_Rear_View_04.VPS_PaCo_MainState,6,40,,TBD,1,,,,,,,,,,,,,,,,13,,,,,,,,,,,,,,,,,,,,,,,,,,,,,,,,,,,,,,,,,,,,,,,,,,,,,5286,,,,,,,,,,,,,,,,,,,,,,,,,,,,,,,,,,,,,,,,,,,,,,,,,,,,,,,,,,,,,,,,,,,00,2026-08-11T18:06:14,,,,,,,,,,,,,,,,,,,6,2
"dm4e_ver:1.10.0, vehicle_sw_ver:ID.SW6.0, pdx_ver:VWE41_2026-02-05_0_116_dr",4.0.1,Completed,2026-08-24T21:00:59.460Z,LL_GatewUDS,0019,Success,8830976,U1A2F00,U1A2F00,Data_bus_mdk_single_wire_mode,4,32,,TBD,1,,,,,,,,,,,,,,,,40,,,,,,,,,,,,,,,,,,,,,,,,,,,,,,,,,,,,,,,,,,,,,,,,,,,,,4934,,,,,,,,,,,,,,,,,,,,,,,,,,,,,,,,,,,,,,,,,,,,,,,,,,,,,,,,,,,,,,,,,,,00,2026-08-09T18:02:35,,,,,,,,,,,,,,,,,,,4,4
"dm4e_ver:1.10.0, vehicle_sw_ver:ID.SW6.0, pdx_ver:VWE41_2026-02-05_0_116_dr",4.0.1,Completed,2026-08-24T21:00:59.460Z,LL_GatewUDS,0019,Success,8417280,U17A000,U17A000,Filter_is_not_active,3,32,,TBD,1,,,,,,,,,,,,,,,,,,,,,,,,,,,,,,,,,,,,,,,,,,,,,,,,,,,,,,,,,,,,,,,,,,,,,,,,,,,,,,,,,,,,,,,,,,,,,,,,,,,,,,,,,,,,,,,,,,,,,,,,,,,,,,,,,,,,,,,,,,,,,,,,,,,,,,,,,,,,,
"dm4e_ver:1.10.0, vehicle_sw_ver:ID.SW6.0, pdx_ver:VWE41_2026-02-05_0_116_dr",4.0.1,Completed,2026-08-24T21:00:59.460Z,LL_GatewUDS,0019,Success,544534,U112100,U112100,Parken_01 Datenbus fehlende Botschaft,6,100,,TBD,1,,,,,,,,,,-49.5,,,,,,40,,,,,,,,,,Off,,,,,,,,,,,,,,,,,,,,,,,,,,,,,,,,,,,,,,,,,,,5209,,,,,,,,,,,,,,,,auto,,,,,,,,,,,,,,,,,,,,,,,,,,,,,,,,,,,,,On,Off,,,Off,Off,,,,,,,,,00,2026-08-11T11:35:15,,,,,,,,,,,,14.1,,,,,,,6,1
"dm4e_ver:1.10.0, vehicle_sw_ver:ID.SW6.0, pdx_ver:VWE41_2026-02-05_0_116_dr",4.0.1,Completed,2026-08-24T21:00:59.460Z,LL_GatewUDS,0019,Success,2498846,U179800,U179800,icc_ethernet_no_communication,4,40,,TBD,1,,,,,,,,,,,,,,,,40,,,,,,,,,,,,,,,,,,,,,,,,,,,,,,,,,,3d08080007ca50bc8062904248380040c400600004780000000000000000de57,010000000400500000008000401800400000400000000000000000000000de40,,,,,,,,,,,,,,,,,,17,,,,,,,,,,,,,,,,,,,,,,,,,,,,,,,,,,,,,,,,,,,,,,,,,,,,,,,,,,,,,,,,,,,00,2026-07-13T12:45:28,,,,,,,,,,,,,,,,,,,4,36
"dm4e_ver:1.10.0, vehicle_sw_ver:ID.SW6.0, pdx_ver:VWE41_2026-02-05_0_116_dr",4.0.1,Completed,2026-08-24T21:00:59.460Z,LL_GatewUDS,0019,Success,2494521,U1A3E00,U1A3E00,mic_ethernet_no_communication,4,32,,TBD,1,,,,,,,,,,,,,,,,25,,,,,,,,,,,,,,,,,,,,,,,,,,,,,,,,,,3d08080007ca50bc8062904248380040c400600004780000000000000000de57,110800000500000000428040082000400000400000000000000000000000de43,,,,,,,,,,,,,,,,,,6231,,,,,,,,,,,,,,,,,,,,,,,,,,,,,,,,,,,,,,,,,,,,,,,,,,,,,,,,,,,,,,,,,,,00,2026-08-17T18:56:13,,,,,,,,,,,,,,,,,,,4,1
"dm4e_ver:1.10.0, vehicle_sw_ver:ID.SW6.0, pdx_ver:VWE41_2026-02-05_0_116_dr",4.0.1,Completed,2026-08-24T21:00:59.460Z,LL_GatewUDS,0019,Success,13631489,U111000,U111000,BAP_Timeout_#_0x52_##_ASG_ICAS1_IAM_FSG_ConMod_IAA,6,104,,TBD,1,,,,,,,,,,,,,,,,26,,,,,,,,,,,,,,,,,,,,,,,,,,,,,,,,,,,,,,,,,,,,,,,,,,,,,6180,,,,,,,,,,,,,,,,,,,,,,,,,,,,,,,,,,,,,,,,,,,,,,,,,,,,,,,,,,,,,,,,,,,00,2026-08-17T13:18:54,,,,,,,,,,,,,,,,,,,6,1
"dm4e_ver:1.10.0, vehicle_sw_ver:ID.SW6.0, pdx_ver:VWE41_2026-02-05_0_116_dr",4.0.1,Completed,2026-08-24T21:00:59.460Z,LL_GatewUDS,0019,Success,8712964,U201500,U201500,FAULT_DRIVERSTATEMONITOR_FUNCTION_ERROR,6,40,,TBD,1,,,,,,,,,,,,,,,,5,,,,,,,,,,,,,,,,,,,,,,,,,,,,,,,,,,,,,,,,,,,,,,,,,,,,,791,,,,,,,,,,,,,,,,,,,,,,,,,,,,,,,,,,,,,,,,,,,,,,,,,,,,,,,,,,,,,,,,,,,00,2026-07-20T07:55:51,,,,,,,,,,,,,,,,,,,6,13
"dm4e_ver:1.10.0, vehicle_sw_ver:ID.SW6.0, pdx_ver:VWE41_2026-02-05_0_116_dr",4.0.1,Completed,2026-08-24T21:00:59.460Z,LL_GatewUDS,0019,Success,8712965,U207E00,U207E00,FAULT_ATTENTIONMONITOR_FUNCTION_ERROR,6,40,,TBD,1,,,,,,,,,,,,,,,,5,,,,,,,,,,,,,,,,,,,,,,,,,,,,,,,,,,,,,,,,,,,,,,,,,,,,,791,,,,,,,,,,,,,,,,,,,,,,,,,,,,,,,,,,,,,,,,,,,,,,,,,,,,,,,,,,,,,,,,,,,00,2026-07-20T07:55:51,,,,,,,,,,,,,,,,,,,6,13
"dm4e_ver:1.10.0, vehicle_sw_ver:ID.SW6.0, pdx_ver:VWE41_2026-02-05_0_116_dr",4.0.1,Completed,2026-08-24T21:00:59.460Z,LL_GatewUDS,0019,Success,8544306,U112100,U112100,Message SAM_01 missing,4,108,,TBD,1,,,,,,,,,,,,,,,,40,,,,,,,,,,,,,,,,,,,,,,,,,,,,,,,,,,,,,,,,,,,,,,,,,,,,,16,,,,,,,,,,,,,,,,,,,,,,,,,,,,,,,,,,,,,,,,,,,,,,,,,,,,,,,,,,,,,,,,,,,00,2026-07-13T11:27:54,,,,,,,,,,,,,,,,,,,4,255
"dm4e_ver:1.10.0, vehicle_sw_ver:ID.SW6.0, pdx_ver:VWE41_2026-02-05_0_116_dr",4.0.1,Completed,2026-08-24T21:00:59.460Z,LL_GatewUDS,0019,Success,8544307,U112100,U112100,Message EBKV_03 missing,4,108,,TBD,1,,,,,,,,,,,,,,,,40,,,,,,,,,,,,,,,,,,,,,,,,,,,,,,,,,,,,,,,,,,,,,,,,,,,,,16,,,,,,,,,,,,,,,,,,,,,,,,,,,,,,,,,,,,,,,,,,,,,,,,,,,,,,,,,,,,,,,,,,,00,2026-07-13T11:27:43,,,,,,,,,,,,,,,,,,,4,255
"dm4e_ver:1.10.0, vehicle_sw_ver:ID.SW6.0, pdx_ver:VWE41_2026-02-05_0_116_dr",4.0.1,Completed,2026-08-24T21:00:59.460Z,LL_GatewUDS,0019,Success,848740,TXEP0CF364,TXEP0CF364,HVLM_unknown_cp_communication_a,2,236,,TBD,1,,,,,,,,,,,,,,,,40,,,,,,,,,,,,,,,,,,,,,,,,,,,,,,,,,,,,,,,,,,,,,,,,,,,,,506,,,,,,,,,,,,,,,,,,,,,,,,,,,,,,,,,,,,,,,,,,,,,,,,,,,,,,,,,,,,,,,,,,,00,2026-07-15T19:09:31,,,,,,,,,,,,,,,,,,,2,9
"dm4e_ver:1.10.0, vehicle_sw_ver:ID.SW6.0, pdx_ver:VWE41_2026-02-05_0_116_dr",4.0.1,Completed,2026-08-24T21:00:59.460Z,LL_GatewUDS,0019,Success,889246,TXEP0D919E,TXEP0D919E,HVLM_control_plug_lock_unlocking_a,2,100,,TBD,1,,,,,,,,,,,,,,,,40,,,,,,,,,,,,,,,,,,,,,,,,,,,,,,,,,,,,,,,,,,,,,,,,,,,,,2075,,,,,,,,,,,,,,,,,,,,,,,,,,,,,,,,,,,,,,,,,,,,,,,,,,,,,,,,,,,,,,,,,,,00,2026-07-25T09:30:40,,,,,,,,,,,,,,,,,,,2,1
"dm4e_ver:1.10.0, vehicle_sw_ver:ID.SW6.0, pdx_ver:VWE41_2026-02-05_0_116_dr",4.0.1,Completed,2026-08-24T21:00:59.460Z,LL_GatewUDS,0019,Success,12766860,TXEU02CE8C,TXEU02CE8C,HVLM_plc_link_lost,2,232,,TBD,1,,,,,,,,,,,,,,,,40,,,,,,,,,,,,,,,,,,,,,,,,,,,,,,,,,,,,,,,,,,,,,,not valid,Init,Front_left_1,Front_left_1,not_enabled,not_enabled,,1109,,,,,,,,,,,,,,,,,,,,,,,,,,,,,,,,,,,,,,,,,,,,,,,,,,,,,,,,,,,,,,,,,,,00,2026-07-20T12:32:08,,,,,,,,,,,,,,12.7,,,,,2,1
"dm4e_ver:1.10.0, vehicle_sw_ver:ID.SW6.0, pdx_ver:VWE41_2026-02-05_0_116_dr",4.0.1,Completed,2026-08-24T21:00:59.460Z,LL_GatewUDS,0019,Success,12766844,TXEU02CE7C,TXEU02CE7C,HVLM_charging_station_request_response_timeout,2,232,,TBD,1,,,,,,,,,,,,,,,,40,,,,,,,,,,,,,,,,,,,,,,,,,,,,,,,,,,,,,,,,,,,,,,not valid,Init,Front_left_1,,Saej1772_ac_connector,not_enabled,,731,,,,,,,,,,,,,,,,,,,,,,,,,,,,,,,,,,,,,,,,,,,,,,,,,,,,,,,,,,,,,,,,,,,00,2026-07-19T14:31:03,,,,,,,,,,,,,,12.9,,,,,2,1
"dm4e_ver:1.10.0, vehicle_sw_ver:ID.SW6.0, pdx_ver:VWE41_2026-02-05_0_116_dr",4.0.1,Completed,2026-08-24T21:00:59.460Z,LL_GatewUDS,0019,Success,884758,TXEP0D8016,TXEP0D8016,HVLM_no_ac_voltage_detected,2,236,,TBD,1,,,,,,,,,,,,,,,,40,,,,,,,,,,,,,,,,,,,,,,,,,,,,,,,,,,,,,,,,,,,,,,not valid,Init,,,Saej1772_ac_connector,not_enabled,,583,,,,,,,,,,,,,,,,,,,,,,,,,,,,,,,,,,,,,,,,,,,,,,,,,,,,,,,,,,,,,,,,,,,00,2026-07-17T14:39:13,,,,,,,,,,,,,,12.7,,,,,2,2
"dm4e_ver:1.10.0, vehicle_sw_ver:ID.SW6.0, pdx_ver:VWE41_2026-02-05_0_116_dr",4.0.1,Completed,2026-08-24T21:00:59.460Z,LL_GatewUDS,0019,Success,891283,TXEP0D9993,TXEP0D9993,HVLM_error_initialisation_ac_temperatur_a,2,236,,TBD,1,,,,,,,,,,,,,,,,40,,,,,,,,,,,,,,,,,,,,,,,,,,,,,,,,,,,,,,,,,,,,,,,,,,,,,17,,,,,,,,,,,,,,,,,,,,,,,,,,,,,,,,,,,,,,,,,,,,,,,,,,,,,,,,,,,,,,,,,,,00,2026-07-13T14:41:31,,,,,,,,,,,,,,,,,,,2,25
"dm4e_ver:1.10.0, vehicle_sw_ver:ID.SW6.0, pdx_ver:VWE41_2026-02-05_0_116_dr",4.0.1,Completed,2026-08-24T21:00:59.460Z,LL_GatewUDS,0019,Success,3033747,TXEP2E4A93,TXEP2E4A93,HVLM_error_initialisation_dc_temperatur,2,236,,TBD,1,,,,,,,,,,,,,,,,40,,,,,,,,,,,,,,,,,,,,,,,,,,,,,,,,,,,,,,,,,,,,,,,,,,,,,17,,,,,,,,,,,,,,,,,,,,,,,,,,,,,,,,,,,,,,,,,,,,,,,,,,,,,,,,,,,,,,,,,,,00,2026-07-13T14:41:31,,,,,,,,,,,,,,,,,,,2,25
"dm4e_ver:1.10.0, vehicle_sw_ver:ID.SW6.0, pdx_ver:VWE41_2026-02-05_0_116_dr",4.0.1,Completed,2026-08-24T21:00:59.460Z,LL_GatewUDS,0019,Success,8471880,U112100,U112100,MissingCANMessage_TM_01,6,40,,TBD,1,,,,,,,,,,,,,,,,40,,,,,,,,,,,,,,,,,,,,,,,,,,,,,,,,,,,,,,,,,,,,,,,,,,,,,1447,,,,,,,,,,,,,,,,,,,,,,,,,,,,,,,,,,,,,,,,,,,,,,,,,,,,,,,,,,,,,,,,,,,00,2026-07-22T06:37:54,,,,,,,,,,,,,,,,,,,6,18
"dm4e_ver:1.10.0, vehicle_sw_ver:ID.SW6.0, pdx_ver:VWE41_2026-02-05_0_116_dr",4.0.1,Completed,2026-08-24T21:00:59.460Z,LL_GatewUDS,0019,Success,8471883,U112100,U112100,MissingCANMessage_Rear_View_01,6,40,,TBD,1,,,,,,,,,,,,,,,,13,,,,,,,,,,,,,,,,,,,,,,,,,,,,,,,,,,,,,,,,,,,,,,,,,,,,,5286,,,,,,,,,,,,,,,,,,,,,,,,,,,,,,,,,,,,,,,,,,,,,,,,,,,,,,,,,,,,,,,,,,,00,2026-08-11T18:06:14,,,,,,,,,,,,,,,,,,,6,2
"dm4e_ver:1.10.0, vehicle_sw_ver:ID.SW6.0, pdx_ver:VWE41_2026-02-05_0_116_dr",4.0.1,Completed,2026-08-24T21:00:59.460Z,LL_GatewUDS,0019,Success,7467538,B200500,B200500,Data_set_invalid_CMS2,2,109,,TBD,1,,,,,,,,,,,,,,,,40,,,,,,,,,,,,,,,,,,,,,,,,,,,,,,,,,,,,,,,,,,,,,,,,,,,,,16,,,,,,,,,,,,,,,,,,,,,,,,,,,,,,,,,,,,,,,,,,,,,,,,,,,,,,,,,,,,,,,,,,,00,2026-07-13T11:36:26,,,,,,,,,,,,,,,,,,,2,1
"dm4e_ver:1.10.0, vehicle_sw_ver:ID.SW6.0, pdx_ver:VWE41_2026-02-05_0_116_dr",4.0.1,Completed,2026-08-24T21:00:59.460Z,LL_HeadUpDisplUDS,0082,Success,12255234,B1B68F0,B1B68F0,ECU_head_up_display_fault_display,4,8,,TBD,1,SM08_FS_FLASHING_ERR,,,,,,,,,,,6,0,12252,,40,15,,,24,50,,,gueltiger_Wert,,,,,,,,,Not active,0,0,12,18,48,150,2010,3000,170,170,300,757,2010,8318,10500,32768,,,,yes,70,,,,,1021,67,,,,,,,,,4427,,,,,,,,,,,,,,,,,,8,74,,15,12,7,active,DriverPresentVerified,,,0,22401,22460,241,No_Limiter,,,252,0,254,254,249,0,0,0,12,39,25,0,0,7,Gueteschwelle_kleiner_3kmh,2,Safe state temporary,5,,,,,,,Active,5,2,,,7,25,,00,2026-08-06T16:23:15,,,25,241,,,71,,,14.3,,,,,on,bis_15158_Lux,7,,4,1
"dm4e_ver:1.10.0, vehicle_sw_ver:ID.SW6.0, pdx_ver:VWE41_2026-02-05_0_116_dr",4.0.1,Completed,2026-08-24T21:00:59.460Z,LL_MultiInterCamerUDS,815A,Success,589843,B1E44F4,B1E44F4,Eye_safety_detected_a_misuse,4,32,,TBD,0,,,,,,,,,,,,,,,,,,,,,,,,,,,,,,,,,,,,,,,,,,,,,,,,,,,,,,,,,,,,,,,,,,,,,,,,,,,,,,,,,,,,,,,,,,,,,,,,,,,,,,,,,,,,,,,,,,,,,,,,,,,,,,,,,,,,,,,,,,,,,,,,,,,,,,,,,,,,,
"dm4e_ver:1.10.0, vehicle_sw_ver:ID.SW6.0, pdx_ver:VWE41_2026-02-05_0_116_dr",4.0.1,Completed,2026-08-24T21:00:59.460Z,LL_ParkiAssisUDS,0076,Success,1080304,B107BF0,B107BF0,Geber für Einparkhilfe hinten - Funktionseinschränkung durch Umwelteinflüsse,6,32,,TBD,0,,,,,,,,,,,,,,,,,,,,,,,,,,,,,,,,,,,,,,,,,,,,,,,,,,,,,,,,,,,,,,,,,,,,,,,,,,,,,,,,,,,,,,,,,,,,,,,,,,,,,,,,,,,,,,,,,,,,,,,,,,,,,,,,,,,,,,,,,,,,,,,,,,,,,,,,,,,,,
"dm4e_ver:1.10.0, vehicle_sw_ver:ID.SW6.0, pdx_ver:VWE41_2026-02-05_0_116_dr",4.0.1,Completed,2026-08-24T21:00:59.460Z,LL_ParkiAssisUDS,0076,Success,1114113,B1AE2F0,B1AE2F0,sound_output_MIB_totally_disturbed,6,40,,TBD,2,,,,,,,,,,,,,,,,27,,,,,,,,,,,,,,,,,,,,,,,,,,,,,,,,,,,,,,,,,,,,,,,,,,,,,7125,,,,,,,,,,,,,,,,,,,,,,,,,,,,,,,,,,,,,,,,,,,,,,,,,,,,,,,,,,,,,,,,,,,00,2026-08-23T16:41:59,,,,,,,,,,,,,,,,,,,6,1
"dm4e_ver:1.10.0, vehicle_sw_ver:ID.SW6.0, pdx_ver:VWE41_2026-02-05_0_116_dr",4.0.1,Completed,2026-08-24T21:00:59.460Z,LL_ParkiAssisUDS,0076,Success,12587099,U110F00,U110F00,Funktion Triebstrangkoordinator im Motorsteuergerät für Park Assist im Fehler,6,32,,TBD,0,,,,,,,,,,,,,,,,,,,,,,,,,,,,,,,,,,,,,,,,,,,,,,,,,,,,,,,,,,,,,,,,,,,,,,,,,,,,,,,,,,,,,,,,,,,,,,,,,,,,,,,,,,,,,,,,,,,,,,,,,,,,,,,,,,,,,,,,,,,,,,,,,,,,,,,,,,,,,
"dm4e_ver:1.10.0, vehicle_sw_ver:ID.SW6.0, pdx_ver:VWE41_2026-02-05_0_116_dr",4.0.1,Completed,2026-08-24T21:00:59.460Z,LL_ParkiAssisUDS,0076,Success,12587143,U112100,U112100,MIB - MainUnit_01 - kein Signal/keine Kommunikation,6,40,,TBD,2,,,,,,,,,,,,,,,,25,,,,,,,,,,,,,,,,,,,,,,,,,,,,,,,,,,,,,,,,,,,,,,,,,,,,,7053,,,,,,,,,,,,,,,,,,,,,,,,,,,,,,,,,,,,,,,,,,,,,,,,,,,,,,,,,,,,,,,,,,,00,2026-08-23T14:30:14,,,,,,,,,,,,,,,,,,,6,1
"dm4e_ver:1.10.0, vehicle_sw_ver:ID.SW6.0, pdx_ver:VWE41_2026-02-05_0_116_dr",4.0.1,Completed,2026-08-24T21:00:59.460Z,LL_ParkiAssisUDS,0076,Success,12587173,U112100,U112100,Steuergerät für Aussentemperatur - Temperaturen_01 - kein Signal/keine Kommunikation,6,40,,TBD,2,,,,,,,,,,,,,,,,25,,,,,,,,,,,,,,,,,,,,,,,,,,,,,,,,,,,,,,,,,,,,,,,,,,,,,7053,,,,,,,,,,,,,,,,,,,,,,,,,,,,,,,,,,,,,,,,,,,,,,,,,,,,,,,,,,,,,,,,,,,00,2026-08-23T14:30:19,,,,,,,,,,,,,,,,,,,6,1
"dm4e_ver:1.10.0, vehicle_sw_ver:ID.SW6.0, pdx_ver:VWE41_2026-02-05_0_116_dr",4.0.1,Completed,2026-08-24T21:00:59.460Z,LL_ParkiAssisUDS,0076,Success,12587177,U110F00,U110F00,TPA_failure_on_MFK,6,32,,TBD,0,,,,,,,,,,,,,,,,,,,,,,,,,,,,,,,,,,,,,,,,,,,,,,,,,,,,,,,,,,,,,,,,,,,,,,,,,,,,,,,,,,,,,,,,,,,,,,,,,,,,,,,,,,,,,,,,,,,,,,,,,,,,,,,,,,,,,,,,,,,,,,,,,,,,,,,,,,,,,
"dm4e_ver:1.10.0, vehicle_sw_ver:ID.SW6.0, pdx_ver:VWE41_2026-02-05_0_116_dr",4.0.1,Completed,2026-08-24T21:00:59.460Z,LL_ParkiAssisUDS,0076,Success,13640960,U041600,U041600,Rollrichtung unplausible Werte,6,32,,TBD,0,,,,,,,,,,,,,,,,,,,,,,,,,,,,,,,,,,,,,,,,,,,,,,,,,,,,,,,,,,,,,,,,,,,,,,,,,,,,,,,,,,,,,,,,,,,,,,,,,,,,,,,,,,,,,,,,,,,,,,,,,,,,,,,,,,,,,,,,,,,,,,,,,,,,,,,,,,,,,
"dm4e_ver:1.10.0, vehicle_sw_ver:ID.SW6.0, pdx_ver:VWE41_2026-02-05_0_116_dr",4.0.1,Completed,2026-08-24T21:00:59.460Z,LL_SeatAdjusDriveSideUDS,0036,Success,1507460,U112100,U112100,_RadioFunctions_01_missing_message,6,40,,TBD,1,,,,,,,,,,,,,,,,18,,,,,,,,,,,,,,,,,,,,,,,,,,,,,,,,,,,,,,,,,,,,,,,,,,,,,7053,,,,,,,,,,,,,,,,,,,,,,,,,,,,,,,,,,,,,,,,,,,,,,,,,,,,,,,,,,,,,,,,,,,00,2026-08-23T14:30:17,,,,,,,,,,,,,,,,,,,6,1
"dm4e_ver:1.10.0, vehicle_sw_ver:ID.SW6.0, pdx_ver:VWE41_2026-02-05_0_116_dr",4.0.1,Completed,2026-08-24T21:00:59.460Z,LL_SeatAdjusDriveSideUDS,0036,Success,1509901,U112100,U112100,ORU_01_missing_message,6,32,,TBD,1,,,,,,,,,,,,,,,,,,,,,,,,,,,,,,,,,,,,,,,,,,,,,,,,,,,,,,,,,,,,,,,,,,,,,,,,,,,,,,,,,,,,,,,,,,,,,,,,,,,,,,,,,,,,,,,,,,,,,,,,,,,,,,,,,,,,,,,,,,,,,,,,,,,,,,,,,,,,,
"dm4e_ver:1.10.0, vehicle_sw_ver:ID.SW6.0, pdx_ver:VWE41_2026-02-05_0_116_dr",4.0.1,Completed,2026-08-24T21:00:59.460Z,LL_SeatAdjusPasseSideUDS,0006,Success,1507460,U112100,U112100,_RadioFunctions_01_missing_message,6,40,,TBD,1,,,,,,,,,,,,,,,,18,,,,,,,,,,,,,,,,,,,,,,,,,,,,,,,,,,,,,,,,,,,,,,,,,,,,,7053,,,,,,,,,,,,,,,,,,,,,,,,,,,,,,,,,,,,,,,,,,,,,,,,,,,,,,,,,,,,,,,,,,,00,2026-08-23T14:30:17,,,,,,,,,,,,,,,,,,,6,1
"dm4e_ver:1.10.0, vehicle_sw_ver:ID.SW6.0, pdx_ver:VWE41_2026-02-05_0_116_dr",4.0.1,Completed,2026-08-24T21:00:59.460Z,LL_SeatAdjusPasseSideUDS,0006,Success,1509901,U112100,U112100,ORU_01_missing_message,6,32,,TBD,1,,,,,,,,,,,,,,,,,,,,,,,,,,,,,,,,,,,,,,,,,,,,,,,,,,,,,,,,,,,,,,,,,,,,,,,,,,,,,,,,,,,,,,,,,,,,,,,,,,,,,,,,,,,,,,,,,,,,,,,,,,,,,,,,,,,,,,,,,,,,,,,,,,,,,,,,,,,,,
"dm4e_ver:1.10.0, vehicle_sw_ver:ID.SW6.0, pdx_ver:VWE41_2026-02-05_0_116_dr",4.0.1,Completed,2026-08-24T21:00:59.460Z,LL_SteerColumElectUDS,0016,Success,225537,U112300,U112300,DIMMING_MESSAGE_INIT,4,38,,TBD,1,,,,,,,,,,,,,,,,40,,,,,,,,,,,,,,,,,,,,,,,,,,,,,,,,,,,,,,,,,,,,,,,,,,,,,583,,,,,,,,,,,,,,,,,,,,,,,,,,,,,,,,,,,,,,,,,,,,,,,,,,,,,,,,,,,,,,,,,,,,0069e2ceb8,,,,,,,,,,,,,,,,,,,4,73
"dm4e_ver:1.10.0, vehicle_sw_ver:ID.SW6.0, pdx_ver:VWE41_2026-02-05_0_116_dr",4.0.1,Completed,2026-08-24T21:00:59.460Z,LL_TelemCommuUnitUDS,0075,Success,395568,U303600,U303600,SOK_timeserver_not_available,3,40,,TBD,0,,,,,,,,,,,,,,,,,,,,,,,,,,,,,,,,,,,,,,,,,,,,,,,,,,,,,,,,,,,,,,,,,,,,,,,,,,,,,,,,,,,,,,,,,,,,,,,,,,,,,,,,,,,,,,,,,,,,,,,,,,,,,,,,,,,,,,,,,,,,,,,,,,,,,,,,,,,,3,0
"dm4e_ver:1.10.0, vehicle_sw_ver:ID.SW6.0, pdx_ver:VWE41_2026-02-05_0_116_dr",4.0.1,Completed,2026-08-24T21:00:59.460Z,LL_TelemCommuUnitUDS,0075,Success,395570,U303400,U303400,SOK_signature_creation_failed,3,40,,TBD,0,,,,,,,,,,,,,,,,,,,,,,,,,,,,,,,,,,,,,,,,,,,,,,,,,,,,,,,,,,,,,,,,,,,,,,,,,,,,,,,,,,,,,,,,,,,,,,,,,,,,,,,,,,,,,,,,,,,,,,,,,,,,,,,,,,,,,,,,,,,,,,,,,,,,,,,,,,,,3,0
"dm4e_ver:1.10.0, vehicle_sw_ver:ID.SW6.0, pdx_ver:VWE41_2026-02-05_0_116_dr",4.0.1,Completed,2026-08-24T21:00:59.460Z,LL_TelemCommuUnitUDS,0075,Success,1384448,U174E00,U174E00,Car2X_certificates_init_failed,3,40,,TBD,0,,,,,,,,,,,,,,,,,,,,,,,,,,,,,,,,,,,,,,,,,,,,,,,,,,,,,,,,,,,,,,,,,,,,,,,,,,,,,,,,,,,,,,,,,,,,,,,,,,,,,,,,,,,,,,,,,,,,,,,,,,,,,,,,,,,,,,,,,,,,,,,,,,,,,,,,,,,,3,0
"dm4e_ver:1.10.0, vehicle_sw_ver:ID.SW6.0, pdx_ver:VWE41_2026-02-05_0_116_dr",4.0.1,Completed,2026-08-24T21:00:59.460Z,LL_TelemCommuUnitUDS,0075,Success,1384449,U153F00,U153F00,Car2X_certificates_update_failed,3,40,,TBD,0,,,,,,,,,,,,,,,,,,,,,,,,,,,,,,,,,,,,,,,,,,,,,,,,,,,,,,,,,,,,,,,,,,,,,,,,,,,,,,,,,,,,,,,,,,,,,,,,,,,,,,,,,,,,,,,,,,,,,,,,,,,,,,,,,,,,,,,,,,,,,,,,,,,,,,,,,,,,3,0
"dm4e_ver:1.10.0, vehicle_sw_ver:ID.SW6.0, pdx_ver:VWE41_2026-02-05_0_116_dr",4.0.1,Completed,2026-08-24T21:00:59.460Z,LL_TelemCommuUnitUDS,0075,Success,403760,U303600,U303600,SOK_timeserver_not_available_v2x,3,40,,TBD,0,,,,,,,,,,,,,,,,,,,,,,,,,,,,,,,,,,,,,,,,,,,,,,,,,,,,,,,,,,,,,,,,,,,,,,,,,,,,,,,,,,,,,,,,,,,,,,,,,,,,,,,,,,,,,,,,,,,,,,,,,,,,,,,,,,,,,,,,,,,,,,,,,,,,,,,,,,,,3,0
"dm4e_ver:1.10.0, vehicle_sw_ver:ID.SW6.0, pdx_ver:VWE41_2026-02-05_0_116_dr",4.0.1,Completed,2026-08-24T21:00:59.460Z,LL_TelemCommuUnitUDS,0075,Success,403761,U303500,U303500,SOK_signature_verification_failed_v2x,1,40,,TBD,0,,,,,,,,,,,,,,,,,,,,,,,,,,,,,,,,,,,,,,,,,,,,,,,,,,,,,,,,,,,,,,,,,,,,,,,,,,,,,,,,,,,,,,,,,,,,,,,,,,,,,,,,,,,,,,,,,,,,,,,,,,,,,,,,,,,,,,,,,,,,,,,,,,,,,,,,,,,,1,0
"dm4e_ver:1.10.0, vehicle_sw_ver:ID.SW6.0, pdx_ver:VWE41_2026-02-05_0_116_dr",4.0.1,Completed,2026-08-24T21:00:59.460Z,LL_TelemCommuUnitUDS,0075,Success,403763,U303400,U303400,SOK_key_not_available_v2x,3,40,,TBD,0,,,,,,,,,,,,,,,,,,,,,,,,,,,,,,,,,,,,,,,,,,,,,,,,,,,,,,,,,,,,,,,,,,,,,,,,,,,,,,,,,,,,,,,,,,,,,,,,,,,,,,,,,,,,,,,,,,,,,,,,,,,,,,,,,,,,,,,,,,,,,,,,,,,,,,,,,,,,3,0
"dm4e_ver:1.10.0, vehicle_sw_ver:ID.SW6.0, pdx_ver:VWE41_2026-02-05_0_116_dr",4.0.1,Completed,2026-08-24T21:00:59.460Z,LL_TelemCommuUnitUDS,0075,Success,401920,U146700,U146700,SOME_IP_service_interface_not_available,6,104,,TBD,0,,,,,,,,,,,,,,,,,,,,,,,,,,,,,,,,,,,,,,,,,,,,,,,,,,,,,,,,,,,,,,,,,,,,,,,,,,,,,,,,,,,,,,,,,,,,,,,,,,,,,,,,,,,,,,,,,,,,,,,,,,,,,,,,,,,,,,,,,,,,,,,,,,,,,,,,,,,,6,0
